response_id;client_id;client_code;score;csat_satisfied;created_at;meeting_date;tipo_de_forms;typeform_response_id
7a575b8e-643d-4d15-8e3c-8fa4da70f58a;45c0f473-8d6a-4de7-b292-6538c307b5aa;QV01256;5;true;2026-06-27T20:59:37.250942+00:00;01/06/2026 (Segunda-feira);CSAT;sj8xqw5qrvy6drcj6sj8xqegixbox6fd
5542040e-53e2-4ba7-9d9b-e09a6bf38d98;;;5;true;2026-06-27T20:59:37.250942+00:00;16/06/2026 (Terça-feira);CSAT;75zwm8l3xy75p175hd7lihzm3781d5ks
2af657b0-ad30-4cd7-bb32-943797e95548;27383a34-1717-46bc-aba2-b5d7bf71a27a;QV03240;5;true;2026-06-27T20:59:37.250942+00:00;26/06/2026 (Sexta-feira);CSAT;y9tg1jl9h2vxnu6zy9tg1jwxj1wcche9
b25f3486-987b-417b-9597-2771f7fbd79a;5cb3c6ec-8a23-49af-964e-78042dfa625b;QV03116;5;true;2026-06-27T20:59:37.250942+00:00;26/06/2026 (Sexta-feira);CSAT;phdrhpp47h5c5vphdr2w3lg29kkt04tr
45a445cb-cb6a-450c-9045-0b45910cb13a;9884152d-c3f8-4097-b50e-ada304bb0ed3;QV03091;5;true;2026-06-27T20:59:37.250942+00:00;22/06/2026 (Segunda-feira);CSAT;6o5xzuwb0s6zp7rmvy6o5xz3vb9eajgw
7ad83b53-ed71-483d-bec6-b5e68211bca9;d261d406-56fe-432f-83b4-111f32b469f9;QV03056;5;true;2026-06-27T20:59:37.250942+00:00;22/06/2026 (Segunda-feira);CSAT;sfloemuox8wjlcv7sfloifvj0x385yuq
a686cc4a-b18e-4018-91c0-635525bf6c97;;;5;true;2026-06-27T20:59:37.250942+00:00;19/06/2026 (Sexta-feira);CSAT;7wpu50puwxd02s59uxfuo7wpu50pg42f
4b15e6fa-e666-4815-965a-1c3a3cbdd638;a267f026-4ca8-4cf0-a18e-36b1989e967b;QV03274;5;true;2026-06-27T20:59:37.250942+00:00;22/06/2026 (Segunda-feira);CSAT;jogyv95njog4gi9h753lw9hup7q2zo4g
77121243-5328-4f6a-9dd9-aff37dd7f31b;f2ca797c-bdce-413e-b3e8-9be90f0984a4;QV03035;4;false;2026-06-27T20:59:37.250942+00:00;16/06/2026 (Terça-feira);CSAT;8ot72v5nb8e6408cvb2f8ot72vr2xyw7
75b5393a-acbb-462c-9be3-5bccfe16a7c5;;;5;true;2026-06-27T20:59:37.250942+00:00;22/06/2026 (Segunda-feira);CSAT;zbr7ifn3ixalgnbrzbr7i05w44q6uaf5
7f330c02-786f-4175-a536-ac56cb3d9443;434fb7ea-fd24-4aa1-97e0-2b8337d09632;QV02930;5;true;2026-06-27T20:59:37.250942+00:00;18/06/2026 (Quinta-feira);CSAT;b72x4npic4t84t1dhdob720uagd4r3n8
816448f3-c95e-4c9a-86ca-4440c5b6d804;9884152d-c3f8-4097-b50e-ada304bb0ed3;QV03091;5;true;2026-06-27T20:59:37.250942+00:00;08/06/2026 (Segunda-feira);CSAT;zq0mdxeswd1312d85hx12zq0mdxez4zk
55db46d1-d9a3-4035-b1b1-da97982ce354;45f1538d-b15f-4947-8595-875ddf5db8c8;QV03142;4;false;2026-06-27T20:59:37.250942+00:00;15/06/2026 (Segunda-feira);CSAT;pgc1jkgx1ui9b7ln2hwi398cpgc1jkfo
516780e2-5dca-4725-8c94-bdc131b9b276;d50df325-a872-458a-9cf1-4fc26fc7e17a;QV03027;5;true;2026-06-27T20:59:37.250942+00:00;10/06/2026 (Quarta-feira);CSAT;ymd9g6gaowyjztlpedymd97rlmuuii76
a6e6d527-b212-494f-b61c-a8668efca06a;451716d7-0ff7-413b-97f7-580efd295b63;QV03159;5;true;2026-06-27T20:59:37.250942+00:00;18/06/2026 (Quinta-feira);CSAT;16m45ugcwnezez2q016m45ukq1jrffa8
22f113fc-e4e7-4268-9931-599b3df11618;d75fa08b-5303-4003-bb90-576f4cfc78d2;QV03078;4;false;2026-06-27T20:59:37.250942+00:00;18/06/2026 (Quinta-feira);CSAT;mddz5djyssprh0gp9mddbeafidweycn4
5d27518d-4ed5-4fdb-b8fd-cbc135aaf9bf;0fad2fe8-2cd7-4a6a-b020-549fc7200270;QV03075;5;true;2026-06-27T20:59:37.250942+00:00;12/06/2026 (Sexta-feira);CSAT;84rger9o3x5tc5ilc9q4b1i884rger9s
900f2155-0dd3-44e5-9e42-6439ae1de18a;58c20112-1865-4f7a-b423-fe5e8208071f;QV01963;5;true;2026-06-27T20:59:37.250942+00:00;11/06/2026 (Quinta-feira);CSAT;cvqgucgtgpek8d5icvqgucdsdm1yg7vb
73bd9b00-ad1d-464f-8a2c-d2b8f7bd4673;99f8f6b8-1b0c-4afa-854d-53aae0ea24c0;QV03093;5;true;2026-06-27T20:59:37.250942+00:00;17/06/2026 (Quarta-feira);CSAT;tzv9m0ust4jbhrig6iztzv9m42hamsle
604a8e97-aad7-41b3-9b66-6c3620f2d7ba;;;5;true;2026-06-27T20:59:37.250942+00:00;17/06/2026 (Quarta-feira);CSAT;4wpogzm4yjclaoz4wpoim7z3kxn4hisu
68e4e206-3c8c-417e-9bb8-e0107e0538d0;;;4;false;2026-06-27T20:59:37.250942+00:00;17/06/2026 (Quarta-feira);CSAT;9ousxmx793yd6h19ousx68fap8fse4kg
e40663be-e231-4afa-bea8-ef9cc331fb38;;;5;true;2026-06-27T20:59:37.250942+00:00;16/06/2026 (Terça-feira);CSAT;pli8j8mi6oilyjc5uxgipspli8j8i9w7
f6c3a2ad-ce24-44e4-ba95-26df95b53118;40e9f100-8874-422b-9d65-c8a135de1886;QV01852;5;true;2026-06-27T20:59:37.250942+00:00;17/06/2026 (Quarta-feira);CSAT;8fmjz9ldkvem4j820x98fssporbgi114
044b0bf6-f5b8-4812-adc3-f169d68ada60;4cfa5659-fc10-4ae1-8f84-e615c20957f8;QV02811;5;true;2026-06-27T20:59:37.250942+00:00;16/06/2026 (Terça-feira);CSAT;ynoxjb0lh2pc1syaynoxjpf2dr35nux4
4e1ba21e-cf14-47fe-868b-b63f95eaf341;;;5;true;2026-06-27T20:59:37.250942+00:00;16/06/2026 (Terça-feira);CSAT;2pks4fiyfspz1o2p2l5vf90exz1pcxw6
288ee582-f8c6-4130-8cf7-574fe6eac0c2;a89be962-1c89-4289-b1c3-01d31f3875ed;QV03046;5;true;2026-06-27T20:59:37.250942+00:00;17/06/2026 (Quarta-feira);CSAT;xxqlwkswkrgadqtanzviexxq4nwh46u4
94fa5d40-d2a2-4f9f-a96f-176b14846f8f;d2642121-cd9a-4ccb-99e9-f5390b9caf35;QV03256;5;true;2026-06-27T20:59:37.250942+00:00;16/06/2026 (Terça-feira);CSAT;859176qsnh1y98bc3y8591xqvyz1yxuk
d838d19e-ff14-43e5-997e-225bd9446bbf;3058f114-db20-4f0e-99a2-1f8358d89eb6;QV03180;5;true;2026-06-27T20:59:37.250942+00:00;16/06/2026 (Terça-feira);CSAT;stpqhzkxxsunboeq8ustpqhu0i82ufpp
d6549ae1-2cf5-4c3d-a68e-5cefba6c1af3;42b74f39-987e-4495-be6f-d1f832d7ddec;QV03029;5;true;2026-06-27T20:59:37.250942+00:00;16/06/2026 (Terça-feira);CSAT;cxionymv8nkfmezlcxionytdcj2yhip3
cdfadc44-257d-40d8-819b-164f84ae6024;b9c0df7b-a0c1-40c7-97b1-2cb7ff637289;QV03273;5;true;2026-06-27T20:59:37.250942+00:00;15/06/2026 (Segunda-feira);CSAT;2dmuw71a7retbh0j10z12dmuw897r2xl
24b00838-c141-48e7-9cef-37c67d0fbf19;;;4;false;2026-06-27T20:59:37.250942+00:00;01/06/2026 (Segunda-feira);CSAT;69v6tw0acszyqk5acuq69v6xiy9z6wbn
857b889d-13f6-4bbd-aac1-cdf1a889ec0b;a58431e1-d265-4cca-aa84-2f176e2eef33;QV03111;5;true;2026-06-27T20:59:37.250942+00:00;12/06/2026 (Sexta-feira);CSAT;92015n0q7fcdtp1n8al59201586x9q51
3b0722a5-67e9-4ce8-a26a-d8747f04c639;eedcf285-655e-446a-a0f2-848f76d8a0a9;QV03202;5;true;2026-06-27T20:59:37.250942+00:00;11/06/2026 (Quinta-feira);CSAT;iqxklwvlp8yoc7muiqxkl92y12aqy556
305c4be0-d377-4749-b3dd-963e8a8f3b2f;3807d899-cf1e-42ca-91f9-6269e143b55b;QV03100;5;true;2026-06-27T20:59:37.250942+00:00;12/06/2026 (Sexta-feira);CSAT;iwwmswq0lfq8s0yfay7pswuciwwmswqn
c42af0ef-9862-4900-8a09-38a5463e9e00;de726bc1-9401-4df4-9ada-40da54fa17ae;QV03077;5;true;2026-06-27T20:59:37.250942+00:00;12/06/2026 (Sexta-feira);CSAT;3sbsut8mg511ui6s3sbsi2i32yrqi07v
fa5c2ef4-de42-4cef-8f82-a6214dfabe9b;7d03a715-4097-4226-a6e7-6d9d359d6d88;QV03173;5;true;2026-06-27T20:59:37.250942+00:00;12/06/2026 (Sexta-feira);CSAT;utcb6m2oxbzg2oafjttutcb6u4o172pb
300bdac9-2432-49cf-9145-0c42742c6c38;670dc1e0-b487-4f16-8462-b6251d8a4417;QV02857;5;true;2026-06-27T20:59:37.250942+00:00;12/06/2026 (Sexta-feira);CSAT;3opnekss07cqabb3opnnyzik3t840hj8
318569b5-d924-4a08-9831-8897b4ef7ddf;d1828671-2109-47b8-ba44-a2ca7dbfa4d9;QV03128;4;false;2026-06-27T20:59:37.250942+00:00;10/06/2026 (Quarta-feira);CSAT;3ovkwl5mh2cjcfhetqxfj3ovkwl5ms5o
7529d7eb-14de-4654-b737-439a2b18af84;9fcad240-a3ab-45a6-bd96-2c48cc537124;QV03072;4;false;2026-06-27T20:59:37.250942+00:00;11/06/2026 (Quinta-feira);CSAT;mgv2p1tghz4xl4fjvmmgv2p54dltse54
733589e4-de38-492c-8aba-e55962f4df63;14303f3d-f14f-420f-b0a5-4465c8a44a67;QV03158;4;false;2026-06-27T20:59:37.250942+00:00;11/06/2026 (Quinta-feira);CSAT;vfjuitcgy4vjvr41l50dvfjui41t5eir
556cd65d-ea39-4d1c-9c6d-9cad3b6b9a36;b20557d2-aa88-4a5f-9178-580525dac756;QV03047;4;false;2026-06-27T20:59:37.250942+00:00;11/06/2026 (Quinta-feira);CSAT;nb5c6u5viotwnb5c67iozn6ygjp62z4g
29b7e9e3-d163-4da3-a17d-7a9adc977890;;;5;true;2026-06-27T20:59:37.250942+00:00;11/06/2026 (Quinta-feira);CSAT;c6fz3dep5cuhtqsx2yc6fz3deppq7a6e
5b094df8-15f1-4009-8482-ddceba6b0375;6ce80c20-678f-40a0-bf8e-f4ab6fcbec68;QV00499;5;true;2026-06-27T20:59:37.250942+00:00;11/06/2026 (Quinta-feira);CSAT;tsrv7lrcki1vweb5h0q5tsrv7lr70q45
b12115dc-8c0d-480b-b238-23adc64c56ab;;;5;true;2026-06-27T20:59:37.250942+00:00;10/06/2026 (Quarta-feira);CSAT;iycw8mlx0l748y56dllotiycw8mlx20h
a27b9807-4214-4e53-9b08-8413068966ed;db26a9f1-2996-441d-8f9d-cb15df2ed755;QV03245;5;true;2026-06-27T20:59:37.250942+00:00;10/06/2026 (Quarta-feira);CSAT;pj05xej5qe1vsu4zj43lzpj05xehysm2
d2064083-451e-4411-b334-3a9c0e7a535d;451716d7-0ff7-413b-97f7-580efd295b63;QV03159;5;true;2026-06-27T20:59:37.250942+00:00;10/06/2026 (Quarta-feira);CSAT;g0a8n2wafckw4myg0a8ochhwrlxvc81p
0b39ac5c-ba77-4af8-a934-d2cf33bb5ca7;;;4;false;2026-06-27T20:59:37.250942+00:00;25/05/2026 (Segunda-feira);CSAT;rwhhvdllyhvkvrwhcaqrmk1v80dyv72d
46aad298-f238-42db-af30-b2c19c9e4925;51f98473-0325-4a5c-913d-44fb83a71184;QV00025;5;true;2026-06-27T20:59:37.250942+00:00;09/06/2026 (Terça-feira);CSAT;wd3p9j8884lklkmbwd3p9ncy64jgqcej
ada0c8f0-463a-4112-9963-73dd017a15a9;310ccbbf-97ba-4552-8ab8-a2e230a9b33f;QV03042;4;false;2026-06-27T20:59:37.250942+00:00;09/06/2026 (Terça-feira);CSAT;yx41he4b5uhi8pzbdeyx41he4t47r21y
f4dc647b-9d72-4003-a5a6-9c03decaed75;;;4;false;2026-06-27T20:59:37.250942+00:00;09/06/2026 (Terça-feira);CSAT;msb9r22l6jd96msb6zzpjl9euqgubvv2
bd56907e-9f90-4024-89d9-7ef28dd13782;a7efc478-0f39-40fb-b567-04c459a141df;QV02793;5;true;2026-06-27T20:59:37.250942+00:00;08/06/2026 (Segunda-feira);CSAT;60n5w8jkkyb55byt2ay60n5tm2hejgh6
8a5835f8-29ce-4437-bb9a-e80fb599be9f;;;5;true;2026-06-27T20:59:37.250942+00:00;08/06/2026 (Segunda-feira);CSAT;03pul1tjvhpf6cs03pul1j6m1xz45a60
d92e7989-a40e-47b5-a882-1fd6277e76fb;e600f2da-cc4a-4110-8505-e7fdf5cfc71c;QV03099;5;true;2026-06-27T20:59:37.250942+00:00;08/06/2026 (Segunda-feira);CSAT;h80znade9jpjvta4a9vlsh80zna01d9c
2e2ecb52-1c20-4789-9311-02bea6662482;99f8f6b8-1b0c-4afa-854d-53aae0ea24c0;QV03093;5;true;2026-06-27T20:59:37.250942+00:00;08/06/2026 (Segunda-feira);CSAT;5vzv895w67enc7us2z5fq6iu5vzv89f2
12f2ffd6-fe54-49f3-8985-e09b95c325c6;eb37b41e-2a75-4122-b5ac-7eade4455d55;QV02889;5;true;2026-06-27T20:59:37.250942+00:00;08/06/2026 (Segunda-feira);CSAT;uiv9gnn4r990r5dtk5uiv9g9lrm2mmqr
e1a95935-fa7b-495d-a67b-9a9dc401bc7c;34538219-029b-4bb2-803e-35a096ee06e9;QV03139;5;true;2026-06-27T20:59:37.250942+00:00;08/06/2026 (Segunda-feira);CSAT;l9z9sjnhru9qvb7bm2al9zvo5fd2mvk3
aa0d1c2c-ef1d-4555-9270-b3082b8e1ef2;19088889-a160-444a-a2c1-51975e361984;QV03033;4;false;2026-06-27T20:59:37.250942+00:00;02/06/2026 (Terça-feira);CSAT;b1ypg5158heed75ujelghr9iz8b1ypg5
ab4bf8ab-99c3-4b5a-a388-4f9f7ad6ba71;b20557d2-aa88-4a5f-9178-580525dac756;QV03047;3;false;2026-06-27T20:59:37.250942+00:00;03/06/2026 (Quarta-feira);CSAT;aux5hcl9tqucq4chaux5hcmdxnogc5jk
5f045654-d206-44ef-8dd9-197422d42687;48168881-6fb6-4cc5-8ced-5437bf18be65;QV03138;5;true;2026-06-27T20:59:37.250942+00:00;05/06/2026 (Sexta-feira);CSAT;8somt0m2ykuz4mr98somtigpfm0bm4dp
02833451-c587-4c7f-98b5-c4c09fc70af6;1dc2e6a7-5d8d-47b0-9b7b-a89750d34cb8;QV03026;4;false;2026-06-27T20:59:37.250942+00:00;05/06/2026 (Sexta-feira);CSAT;lkpknqk4r9x2ccaihu7blkpknwgj67am
d2dc4186-31e2-494e-ab87-d2ee0a62f1f1;49d916e0-5875-4900-b556-a85e7a8a27d2;QV03123;4;false;2026-06-27T20:59:37.250942+00:00;05/06/2026 (Sexta-feira);CSAT;5hibbb6e7o64hx5hv5hibbb6m20snyyz
ebac5421-458c-419c-a0d2-b7166868c050;fc3463d9-eb43-4a4f-b952-364a5420e2bd;QV03113;5;true;2026-06-27T20:59:37.250942+00:00;04/06/2026 (Quinta-feira);CSAT;091pb9ywpl4jii0t6b01k091prm8swsm
4d151e1f-b6a8-42c9-9eef-e63723030347;;;5;true;2026-06-27T20:59:37.250942+00:00;04/06/2026 (Quinta-feira);CSAT;jer2hn2ztjuxs0t4ogje5w8yn5rc5ccx
7efca239-9d49-49df-88b2-0a4034c03177;666a6ac9-a520-4593-a99d-0d711df04263;QV03197;5;true;2026-06-27T20:59:37.250942+00:00;05/06/2026 (Sexta-feira);CSAT;ufgyj2lze6mvbf9t7fcufgyj2pckskc4
70434e20-adf5-4541-a899-de0c909b2723;670dc1e0-b487-4f16-8462-b6251d8a4417;QV02857;5;true;2026-06-27T20:59:37.250942+00:00;03/06/2026 (Quarta-feira);CSAT;0ftk0exj8msy6z68ovg0ftk0edafbejs
a3f2e996-668c-4f3d-8660-e90579930b24;6e60f34e-5033-4ef9-a1aa-7f24fb7c2ccd;QV02974;5;true;2026-06-27T20:59:37.250942+00:00;03/06/2026 (Quarta-feira);CSAT;gtxr2bqvp525c7stxih1gtxeq6ca7c6h
410451c1-59dc-4a66-9c36-4936047355d0;d261d406-56fe-432f-83b4-111f32b469f9;QV03056;5;true;2026-06-27T20:59:37.250942+00:00;03/06/2026 (Quarta-feira);CSAT;juselflyxqqh3t5czrjuseltbqtq0eza
6f32ca42-ecfa-4e0b-9246-d815cc387e21;;;5;true;2026-06-27T20:59:37.250942+00:00;03/06/2026 (Quarta-feira);CSAT;puy52e1h0lu9ehp66q3puy5ezjfda8ve
01f6674b-9964-4c8d-a48a-27ce27d473ba;a5197209-5db3-4191-ad07-aac7e0508883;QV02871;5;true;2026-06-27T20:59:37.250942+00:00;03/06/2026 (Quarta-feira);CSAT;sshapbamk319uxsshasd9p0lfnr72hzr
aa82ff60-8fd2-4908-b3fc-b63eebb5323d;29f7a69f-c4a7-40d3-9fd5-77edb6af1d74;QV02896;5;true;2026-06-27T20:59:37.250942+00:00;02/06/2026 (Terça-feira);CSAT;97c0z07vhi3pmfp97c0z16wfgfwe17jf
1010a05c-f57b-4fcf-a470-8e7b2915939e;e6a77b67-47f4-4024-a9ce-c12d9b90c782;QV01247;5;true;2026-06-27T20:59:37.250942+00:00;03/06/2026 (Quarta-feira);CSAT;auq78shadp2d37rvynauq79zkefb1950
3ffc982a-b3eb-435a-8a0a-a03968bdb938;;;5;true;2026-06-27T20:59:37.250942+00:00;02/06/2026 (Terça-feira);CSAT;lwahcgzx0h4wtlwahca33vbmoz4o06qq
148f978c-aee0-44ac-af8e-b94e320cc1f2;c4f61216-f4ec-4065-8da4-41ce05088972;QV02758;4;false;2026-06-27T20:59:37.250942+00:00;28/05/2026 (Quinta-feira);CSAT;qx9fc3zcja28ngb4au6myrg6mqx9fc3z
e570a4b2-4d4a-4570-9e38-dbc828e00b4c;c757d34f-b146-4312-ad07-ab1ed46bc104;QV00004;5;true;2026-06-27T20:59:37.250942+00:00;01/06/2026 (Segunda-feira);CSAT;03t5smplyyu3x103t56xu2gdijcso7ev
7a2d5ee1-f2c9-46c0-9d51-c232519a766a;a89be962-1c89-4289-b1c3-01d31f3875ed;QV03046;5;true;2026-06-27T20:59:37.250942+00:00;02/06/2026 (Terça-feira);CSAT;s1xlzk68iomvlyowas1xmkf8jmljy33f
9228ec6c-6eec-47c6-8c63-f4b11c086fa3;9605527b-5ed7-432e-9619-b7d55ef608a5;QV02806;5;true;2026-06-27T20:59:37.250942+00:00;02/06/2026 (Terça-feira);CSAT;4kvy8rtshh6ag67n14kvynu0ojzrtjgj
599def2d-eb44-49ca-9c5e-f29c6d39f8b0;;;5;true;2026-06-27T20:59:37.250942+00:00;02/06/2026 (Terça-feira);CSAT;3plo3yz6sg4e43f9i5d9x3plo3yz6yzs
856702d3-60f8-4afb-9213-10a7a7cf6f8d;39b2c6a5-1050-4f8a-a6fd-d5aa29b522a4;QV00006;5;true;2026-06-27T20:59:37.250942+00:00;29/05/2026 (Sexta-feira);CSAT;sc270f419vxxxrtgzsc27w6m5v18dcur
3df5e753-e594-4708-b97f-59168ef00eca;9da6eb1c-b081-42ce-8ffb-5eac2fc090b8;QV02894;4;false;2026-06-27T20:59:37.250942+00:00;01/06/2026 (Segunda-feira);CSAT;ivf281k2tg55hmoo12jgwivf281aaptf
ee456d94-eb85-4b4a-bde9-a530cc2e9e1c;;;5;true;2026-06-27T20:59:37.250942+00:00;29/05/2026 (Sexta-feira);CSAT;wftn7eska184qg0p0swftn0bo4apnydd
4ec95123-9c79-4a7f-8141-a1fb3ec765b9;;;5;true;2026-06-27T20:59:37.250942+00:00;27/05/2026 (Quarta-feira);CSAT;qcsw2ndpfi2q39uggxqcsw28u429se1i
cf8816fd-9d60-4b75-b218-5d699ffe8239;eff03b74-3744-4d65-83d5-14fb98cc578a;QV02875;5;true;2026-06-27T20:59:37.250942+00:00;01/06/2026 (Segunda-feira);CSAT;6hjouud0z9c97f6hjou8aev5hjs39mmp
5da010f8-3139-4611-897c-e1391689bb43;;;2;false;2026-06-27T20:59:37.250942+00:00;28/05/2026 (Quinta-feira);CSAT;yd4y8nfk9eny1bqi0gm34gyd4y8nfkff
20fd543c-41b8-40ed-a4d7-b7a7fc80c440;ed14e668-473e-43a1-818d-207839d7a1c0;QV03023;5;true;2026-06-27T20:59:37.250942+00:00;29/05/2026 (Sexta-feira);CSAT;am13paqqv9l7qrhcydfzlam13p1pily5
0abbef73-d56a-4df9-bba8-c6b6c40bfd5c;951cb145-5fe9-4bd0-a5f7-b5247ddf0713;QV02265;5;true;2026-06-27T20:59:37.250942+00:00;27/05/2026 (Quarta-feira);CSAT;irgdpb9pddnhhku4x7kirgdpb434jm0d
57f0a20e-b1c0-482a-9da1-d8be150e1fc3;;;5;true;2026-06-27T20:59:37.250942+00:00;26/05/2026 (Terça-feira);CSAT;pr9cxu9g85ctmk7d2epr9c9ub0hedwxw
de51c0dd-a923-4700-bbb8-0d005a2060ef;71efa39e-6979-4b2c-b63c-df1cd739f7b0;QV02680;5;true;2026-06-27T20:59:37.250942+00:00;27/05/2026 (Quarta-feira);CSAT;l3hwvof4n1zb01k8bil3hwvofokysrbu
da5b23bc-b0fb-415e-9748-5384a0ef7be1;3860cdfa-aa8b-4904-90ca-37e67d03dbd5;QV00031;5;true;2026-06-27T20:59:37.250942+00:00;26/05/2026 (Terça-feira);CSAT;24al3zafxqfpeym24aly7cdt5rgc21pa
c7a669f5-48ee-410f-94ad-8ffe09d14d5d;;;5;true;2026-06-27T20:59:37.250942+00:00;26/05/2026 (Terça-feira);CSAT;0c462qsxi4x8p6y30c46mmn9d6igxjm9
9bd4915a-fad3-41c2-be1b-301f743e9f2f;0bd44938-8c4b-4592-bdf5-826937524379;QV02901;5;true;2026-06-27T20:59:37.250942+00:00;25/05/2026 (Segunda-feira);CSAT;1ze6in4tixe5gfx9ubvps1ze6in4meiy
88483538-6529-475e-8b81-a7331f4c5963;a1a7c0c6-972d-4e27-9beb-652f583e4dd4;QV03021;5;true;2026-06-27T20:59:37.250942+00:00;25/05/2026 (Segunda-feira);CSAT;irctporqet12bm3ja8irctpoxbvmoplw
cab4e4a8-70da-40c5-b878-ddeb4acb99db;;;5;true;2026-06-27T20:59:37.250942+00:00;25/05/2026 (Segunda-feira);CSAT;el63q02yr75g32myh1kel63qbxbwwtd3
7e424e4c-46c7-42cb-b900-0c63dcee0ec2;535220df-04c5-4b91-ba66-56c820a54cb9;QV01873;5;true;2026-06-27T20:59:37.250942+00:00;25/05/2026 (Segunda-feira);CSAT;q6n35qml4nt9hc1ohsq6nuiivbix3o2k
9b1779b0-4ddf-4a3e-808f-d0428808520d;1aaf9327-27aa-4da2-985f-e36d2e45f362;QV00043;5;true;2026-06-27T20:59:37.250942+00:00;22/05/2026 (Sexta-feira);CSAT;58lh7jbipu2mc6r8omjr58lh7j22oqes
cb15e95c-bf71-4845-a519-6a7b075c2bfd;c7648907-7574-4e7a-a0f2-e8311dc78393;QV01237;5;true;2026-06-27T20:59:37.250942+00:00;22/05/2026 (Sexta-feira);CSAT;d8aro7vwpefr58j62kld8aro6uvifm7w
4a2a6837-21c7-485d-a34b-305a45bfa4e1;;;5;true;2026-06-27T20:59:37.250942+00:00;21/05/2026 (Quinta-feira);CSAT;bro22mt0n3fdva0bro22jdjzbtxzjubk
8f7d2458-8311-45bc-9da1-f83821e8afc5;;;5;true;2026-06-27T20:59:37.250942+00:00;21/05/2026 (Quinta-feira);CSAT;nt4wh4a3c552ljkahuilhuknt4wh4a3r
733d39fc-4715-4106-ba32-67558ed8b4dd;;;5;true;2026-06-27T20:59:37.250942+00:00;21/05/2026 (Quinta-feira);CSAT;c6hxyw0l7f9vf469fc6hxpn2cgvm67ek
492f62d1-b2b2-41e5-87c5-f4ad5c7d1972;;;5;true;2026-06-27T20:59:37.250942+00:00;21/05/2026 (Quinta-feira);CSAT;6fhjkiaqp7z1coa0h8jay6fhdulfjabx
f3e8d548-390a-4057-bb8e-3018c12075f2;;;4;false;2026-06-27T20:59:37.250942+00:00;20/05/2026 (Quarta-feira);CSAT;n6msqznujp6aa0nvj3j4vn6msqzcj81f
db7e94ad-4ee5-47e4-9777-fcf55f8ddde5;a9083bae-bfed-48f2-b373-0e3a0910c42f;QV00545;5;true;2026-06-27T20:59:37.250942+00:00;21/05/2026 (Quinta-feira);CSAT;gqh65zil7j4781fkmngqh65zblevbftp
619e06a1-2a63-44cf-9231-b344cd7d4da6;4c63674b-219a-4317-9dfa-3da09c12944f;QV02799;5;true;2026-06-27T20:59:37.250942+00:00;20/05/2026 (Quarta-feira);CSAT;j9rf476clt3x7e6medj9rf8a7xx7c93s
8c028887-f120-4123-91a2-ae70b8494b40;;;2;false;2026-06-27T20:59:37.250942+00:00;20/05/2026 (Quarta);CSAT;olpr38skjd4wnn0wup9bolpr3tnpy6dr
5ee2e753-4ace-4541-86cc-37e62b9a77b2;3b404479-0252-48c1-ba1c-d38d7837e771;QV03016;1;false;2026-06-27T20:59:37.250942+00:00;12/08/2025;CSAT;e786so4d5jjf7odk4use786soocqx4nh
048eed93-643e-463b-b1df-25e991bb3593;3b404479-0252-48c1-ba1c-d38d7837e771;QV03016;5;true;2026-06-27T20:59:37.250942+00:00;12/08/2025;CSAT;ubrecxj34c5gcovgga7ubrec9vwxlnvu
299f2935-45aa-4ad8-b098-c39212901ee8;;;5;true;2026-06-27T20:59:37.250942+00:00;liberacao;CSAT;wiabb2r4vahcqslzfkq0wiabb24hxcsa
c0b949e4-bdfd-4afc-902d-4b2d457817ca;;;5;true;2026-06-27T20:59:37.250942+00:00;ativacao;CSAT;dk3tpxwnywv9t9pm1aqdk3t8hj4lx2ks
c03b87e9-0075-4840-ab75-8e21fc86f18f;;;5;true;2026-06-27T20:59:37.250942+00:00;rota;CSAT;seeabmlv68x5rwmlaseeabmk2zu1zp0f
4a129c8e-49af-4d29-8069-68905961373a;;;4;false;2026-06-27T20:59:37.250942+00:00;20/05/2026;CSAT;i2yvpi2a9u4vzi20bq8t4znx9683hv0b
5adc55f1-402e-48a2-ac1e-852fd2760c84;;;5;true;2026-06-27T20:59:37.250942+00:00;xxxxx;CSAT;q04a7jwkkjc0zfq04fnvpns2ovmykr91
05df0ab8-a426-409f-b571-fa07deacfbfc;d11e0154-2e2a-4c2c-afe0-f5aa04b05ae5;QV03025;5;true;2026-06-27T20:59:37.250942+00:00;26/06/2026 (Sexta-feira);CSAT;haaca33scz24ec9haagrtjhi4tnx9ty7
e32ad791-a526-4551-8988-202accc99c74;29f7a69f-c4a7-40d3-9fd5-77edb6af1d74;QV02896;5;true;2026-06-27T20:59:37.250942+00:00;22/06/2026 (Segunda-feira);CSAT;8yc0ehga3du2fpf7r8ycc01jrw5ldc1w
03621e8d-023d-4b8d-9b6e-29d9e7f7f28f;809f66f2-a65a-48a9-9e44-7a9f03c62355;QV03258;5;true;2026-06-27T20:59:37.250942+00:00;25/06/2026 (Quinta-feira);CSAT;yvcmqbp12m6juun8byvcmq9octrvoqw3
d76e5846-b928-4f6d-befd-f2adb98bebdc;;;3;false;2026-06-27T20:59:37.250942+00:00;25/06/2026 (Quinta-feira);CSAT;68l9y8jetvzvir66kl68l9zb46rd7dk0
15709fc2-28c6-4d6f-bcb9-4eeeb0c4b200;14303f3d-f14f-420f-b0a5-4465c8a44a67;QV03158;3;false;2026-06-27T20:59:37.250942+00:00;25/06/2026 (Quinta-feira);CSAT;pfy2v3xwb67501656pfy2v3xui88t1dc
b8a4c4c1-0aa1-474e-988f-a2e8fdb38dd3;;;5;true;2026-06-27T20:59:37.250942+00:00;25/06/2026 (Quinta-feira);CSAT;lsyqwiys24oebqisrollsyqwwr14w3v1
6e6e6ec5-69df-444f-8ea6-5ede0732b4fe;6cb6cee7-6b0e-4291-8270-a840167d81cc;QV03282;5;true;2026-06-27T20:59:37.250942+00:00;24/06/2026 (Quarta-feira);CSAT;g87zde9ni8fatpgng87lrcjiz8x0q0dm
9c258e49-87a4-4147-94e5-6cf6f03ebe57;;;3;false;2026-06-27T20:59:37.250942+00:00;17/06/2026 (Quarta-feira);CSAT;8wer150us2qknlnz858we6ktqiug3noi
cda90bd8-f367-4bf6-9167-aef57d5d6647;;;4;false;2026-06-27T20:59:37.250942+00:00;17/06/2026 (Quarta-feira);CSAT;nxape8s30ko8cfic46nxapenuitw7iey
c89e13b2-4f08-48c6-8c56-aef67fe48a31;6dcde599-15f8-478e-9ded-b93396bdadb0;QV02851;5;true;2026-06-27T20:59:37.250942+00:00;23/06/2026 (Terça-feira);CSAT;bh2ai92y967ykloatirbh2aax25dgnl9
78276e98-7510-4e8c-b8fe-34fa38347d7f;;;5;true;2026-06-27T20:59:37.250942+00:00;19/06/2026 (Sexta-feira);CSAT;wnycpn0w93wzb0iyy4eeawczwnycpn0w
fae69d6b-c949-45d8-8b0e-44c63d5a989f;eb37b41e-2a75-4122-b5ac-7eade4455d55;QV02889;5;true;2026-06-27T20:59:37.250942+00:00;16/06/2026 (Terça-feira);CSAT;b4ts09zzr5dmgclufh0qxb4ts09zpnn5
14deb6fa-fbb8-43aa-8906-3048e078a789;4c63674b-219a-4317-9dfa-3da09c12944f;QV02799;5;true;2026-06-27T20:59:37.250942+00:00;15/06/2026 (Segunda-feira);CSAT;8yowixp381lbipdcpwcc8yow2cx85x7e
3d7e0703-51e0-4217-9963-980ce79893af;aebc696a-4d7a-48da-86b0-8b2167a25e0e;QV00002;5;true;2026-06-27T20:59:37.250942+00:00;09/06/2026 (Terça-feira);CSAT;6hm6ma34bts8ux6hm6mobyhv6w3hxy5f
71155ab4-6805-4672-8819-e7cc6848b2af;7d03a715-4097-4226-a6e7-6d9d359d6d88;QV03173;5;true;2026-06-27T20:59:37.250942+00:00;22/06/2026 (Segunda-feira);CSAT;jr4god46w8wvsgftjr4god4uryhnemv3
576a3370-a756-4d9b-8a21-a5747af3b1f6;2a9c9037-efa7-4d35-a17e-bcff6274cfc3;QV02892;5;true;2026-06-27T20:59:37.250942+00:00;24/06/2026 (Quarta-feira);CSAT;teiskaua62xdd92uuteisxl1bay9omq1
99db2e72-41a5-4ec3-ac7a-9955635173e9;d46b479a-e45e-4d99-835a-8480d8a56482;QV03156;3;false;2026-06-27T20:59:37.250942+00:00;22/06/2026 (Segunda-feira);CSAT;kue7v0dtkifno66s3rjkue7iq2aoijit
8a1a3356-ca71-4085-8024-c6a47b498e14;d46b479a-e45e-4d99-835a-8480d8a56482;QV03156;4;false;2026-06-27T20:59:37.250942+00:00;09/06/2026 (Terça-feira);CSAT;hutxxe1sn61ewfhujfo588c6c3svi5lt
1dd2c4bf-bf9d-4031-ab18-cb202c72a521;db26a9f1-2996-441d-8f9d-cb15df2ed755;QV03245;4;false;2026-06-27T20:59:37.250942+00:00;19/06/2026 (Sexta-feira);CSAT;71h77ni87i2cbrdl7z4zi71h77niot69
09150890-1789-4a23-a4a7-3087dbb37601;9762b28a-7057-4957-8c58-f7db0e2a645f;QV03051;5;true;2026-06-27T20:59:37.250942+00:00;17/06/2026 (Quarta-feira);CSAT;jgmx0pbjtv775yz2jgmx0pyuvvugm2kf
68f14099-75e2-4e35-b547-6e5f5356785f;e9c07a6d-f7ef-4733-8daf-23792e57ea63;QV02949;5;true;2026-06-27T20:59:37.250942+00:00;16/06/2026 (Terça-feira);CSAT;7qz5zus7k85b08jsk54o7qz5q68gda1l
9c1b8d16-2d3c-45ba-ab53-7ac390c2dfd8;570b350f-6dca-4b67-8c3d-37f942a20ae0;QV02791;5;true;2026-06-27T20:59:37.250942+00:00;10/06/2026 (Quarta-feira);CSAT;eeboc4qn1mgeo9of57vqug0tki9sa4w9
735b1403-d5f0-4548-98f4-2596d9beb0c8;310ccbbf-97ba-4552-8ab8-a2e230a9b33f;QV03042;4;false;2026-06-27T20:59:37.250942+00:00;09/06/2026 (Terça-feira);CSAT;xyjj40elhayvhui8cauxyjj4v77ufyf7
30cdbc8d-8b0e-462c-ab8c-0ae832a908f2;3058f114-db20-4f0e-99a2-1f8358d89eb6;QV03180;5;true;2026-06-27T20:59:37.250942+00:00;09/06/2026 (Terça-feira);CSAT;3lzhrmh525wfu56e7mvi3lzhrbif4d5y
66c50ef9-3c75-43bb-9de4-3d1e0ae6dcf1;9471273b-ab78-42ab-9be3-ed8393576b54;QV03121;4;false;2026-06-27T20:59:37.250942+00:00;04/06/2026 (Quinta-feira);CSAT;kr0kn0p6iuirsipykr0kbrw54xsano2e
9ca2f54d-5751-432e-92e8-c4f8c0aed33e;48b3d29d-b8d1-47b9-8efa-deafec7712bb;QV03054;4;false;2026-06-27T20:59:37.250942+00:00;01/06/2026 (Segunda-feira);CSAT;t1g78a70alxkt1gy6lumuy5df46lrchx
177aee98-84e8-43a8-9265-e38e59f6f5dc;caa56555-db8a-4da0-87cd-a1715def96f5;QV02824;5;true;2026-06-27T20:59:37.250942+00:00;25/05/2026 (Segunda-feira);CSAT;04k3vrox2js5ci6uj7gru04k3vro20o2
7c658d05-71a2-40fd-a9b9-d210ad57581d;13fb7d58-1eec-4727-bbe1-5fa8b7ed647c;QV03185;4;false;2026-06-27T20:59:37.250942+00:00;08/06/2026 (Segunda-feira);CSAT;u11xi4iz8zusyrj6g7iq8lu11xi4ir3n
b44cc898-6880-4f93-a8dc-0fa4bfbecfc5;7d03a715-4097-4226-a6e7-6d9d359d6d88;QV03173;5;true;2026-06-27T20:59:37.250942+00:00;05/06/2026 (Sexta-feira);CSAT;6k6o7b693egm71ysejcy6k6oylu7mpe9
225b65a6-4a2b-430c-806f-42eec572cb26;746b940e-579c-4ade-afda-a8b77bf2c9fd;QV03076;4;false;2026-06-27T20:59:37.250942+00:00;05/06/2026 (Sexta-feira);CSAT;dw3njw78tf5dgjpn2dw3he20dps2uxdi
5c9e4822-d8b4-44a7-b7cc-b9fa3e988598;;;5;true;2026-06-27T20:59:37.250942+00:00;01/06/2026 (Segunda-feira);CSAT;ptpgkm02nwfwbjc8n7lptpgqemqa3gpv
faedb0f7-489c-49b3-a470-f9951044810e;8a5ebfee-5dcd-4ba0-acc8-0deb70ede3a6;QV02898;5;true;2026-06-27T20:59:37.250942+00:00;02/06/2026 (Terça-feira);CSAT;m3p8wujs53y2nz5j1fo8vm3p8wujsi7d
ff51b2ee-6ebe-4be4-a650-edcc2245872c;d0671050-cb3c-4c2d-bb61-b9bda4744f0c;QV03122;5;true;2026-06-28T21:20:31.565609+00:00;24/06/2026 (Quarta-feira);CSAT;pxy1twytbe4dgyay2wspxy1ts7t5uph8
732ab167-c8d2-4446-bfba-c34d79f4d10f;ee6c3cff-3a79-4e81-8dd3-a162e8c8b21e;QV03235;5;true;2026-06-28T21:20:31.693754+00:00;29/06/2026 (Segunda-feira);CSAT;q1cbqsbigsutzq75lsrq1cbqsxja508b
351ec1e4-379a-45d2-812c-235fc5c16993;5ae2fac3-24df-4f4d-a164-bd9fab14406f;QV02795;5;true;2026-06-28T21:20:45.606898+00:00;;CSAT;3idlv5kbyd5f293idlv0x555pmjufazo
5446d40c-76a7-40a5-ab61-738761d58edb;;;1;false;2026-06-28T21:20:46.710728+00:00;;CSAT;g95dasak1sacng95v1j28n2w8hf4triw
22c33799-3185-4394-98f5-e33f20ef26ad;;;1;false;2026-06-28T21:20:47.148237+00:00;;CSAT;8gnyp7ofoxmia1j768gnypgdw6wuchf7
584c6733-7e33-404b-b42b-7f2ba5dce01f;;;1;false;2026-06-28T21:20:47.255841+00:00;;CSAT;daca3g38dhmbpndaca3y6iivz91p0vih
97b5e9db-3753-400d-951c-de80dc798369;;;1;false;2026-06-28T21:20:47.369514+00:00;;CSAT;ov0ur22wpb1wsf647lov0ur2y5poyhpm
b7d0dc70-6879-4b60-ba52-4c518f7734ef;;;1;false;2026-06-28T21:20:47.501384+00:00;;CSAT;0uafsm25vje3vop9qb90uiii1hpmrob8
1b439dc4-7a91-4ec7-912f-fd496e1e85d0;;;1;false;2026-06-28T21:20:47.613637+00:00;;CSAT;1eqslaaf8w59mm37eh2e1eqslcfepx2b
c710d489-98ea-494d-a358-e03eb4aee05a;;;1;false;2026-06-28T21:20:47.722001+00:00;;CSAT;pb4685co8dsfceyjtvpb468v2wx18uct
e5485cb5-4183-418b-9ab1-8ea2ecaa9c10;;;1;false;2026-06-28T21:20:47.833181+00:00;;CSAT;7ag2w46gm0o9nc87o06cl186w7ag2w49
927e2f6b-0cf6-4b5f-af19-30909912a3bf;;;5;true;2026-06-28T21:20:47.943497+00:00;;CSAT;87l55dtefrep0aukqcd87l55ru1rfo35
b39cdc6b-2906-4df9-936f-e8703e582435;;;5;true;2026-06-28T21:20:48.051945+00:00;;CSAT;fwkfa9ya1wi9v03g697cfwkfa9idgoyz
1e3bc2e3-ac53-4a20-8b3d-c1bedf81f434;;;2;false;2026-06-28T21:20:48.16032+00:00;;CSAT;939ncsr4ae36x82o2y939ncsz0rx0yhh
cf3e94da-6da0-4871-8cb0-210de9ff32fc;;;3;false;2026-06-28T21:20:48.376172+00:00;;CSAT;hgm73aczg4axhgmurziz9u7w6558d9f8
8741fd4f-a9ac-4e46-bbb1-9dcb67510e0c;;;3;false;2026-06-28T21:20:48.4852+00:00;;CSAT;7unz525wtd7e99zbj17unz5vf77qnxo2
16b49c6e-4b89-4a1f-bd8c-a19f1f11eae1;;;3;false;2026-06-28T21:20:48.596508+00:00;;CSAT;jedvwavp56whfa8q9xw7pjedvft97gjj
0243f142-a294-4ca1-ac38-7fec43887e31;;;2;false;2026-06-28T21:20:48.711103+00:00;;CSAT;qfr8mhate0q0c4hj5qfr8mhawstksd1w
c526dc06-9d0b-479d-bde9-9234df4aeda1;;;2;false;2026-06-28T21:20:48.855097+00:00;;CSAT;ykav8pgqvzghxfauykaaho8u639ebafk
724b8080-5f2f-43d7-ad36-6e61521a5710;;;1;false;2026-06-28T21:20:48.971414+00:00;;CSAT;5bhgqw8kg3axjzky5bhgqwmqc1bsh8af
f1ac3dda-5835-432c-a9d6-5ba71b65cd03;;;1;false;2026-06-28T21:20:49.083431+00:00;;CSAT;hqvlt7h1b4lm63763alzlhqvlt7hqdz3
88640bdd-6155-4a2f-b1b9-4875582d3235;;;1;false;2026-06-28T21:20:49.195234+00:00;;CSAT;wrtnyfmf4l1ld1fwrtn2zgts9uxdewcd
a4dcd0fe-228a-4c41-8247-3ae71a31bc8b;;;5;true;2026-06-28T21:20:49.307667+00:00;;CSAT;gtgdg14hu3e89vcxph0gtgdg1lcznswd
d961cd37-3818-4d13-b0f4-3223a67ebb07;;;5;true;2026-06-28T21:20:49.419565+00:00;;CSAT;aeddfgwiw4mxbdaeddtw41h4h6ww9ga7
d06a7d1e-4b75-40eb-a6e4-3cb2cf89b9cb;;;1;false;2026-06-28T21:20:49.527956+00:00;;CSAT;obm8oyvxrhwaccdrvo2obmwkukas3h56
666b080a-653e-46e2-9b02-63ba1f054fc0;;;3;false;2026-06-28T21:20:49.641181+00:00;;CSAT;tx9dbwgap5ifzstr39zjrnbtx9dbw1v0
5449fb02-d606-4840-a6db-224a9354dc80;;;5;true;2026-06-28T21:20:49.748261+00:00;;CSAT;0lia8pyu8x9ne3wm0e6010lia81bwcam
29a68c7e-540b-43f0-adc3-6efe034b95a3;;;4;false;2026-06-28T21:20:49.88689+00:00;;CSAT;bevop3rekfg8yxg4iolbevo94ubrxezw
38201588-c426-471c-8e6f-4b6b8d2f4d6c;;;5;true;2026-06-28T21:20:50.553701+00:00;;CSAT;08uffi0hq8tqci6bws08uffiy1u1koxh
576e74d5-51f6-4372-8949-bc02d95f3e4a;;;5;true;2026-06-28T21:20:50.879831+00:00;;CSAT;wjyf20682uapo14wbr6wjyf20681zpqw
18265672-68dd-4a36-9b31-9e4bd8959698;;;5;true;2026-06-28T21:20:50.989459+00:00;;CSAT;56h29u41844n4skn56hdv33qgy1nzc4z
de9d6728-ffdb-4c33-8a6a-b33a51af6b83;c14e0ce6-3faa-4300-a2c0-f77a65a5a41a;QV02919;5;true;2026-06-29T13:00:02.860625+00:00;23/06/2026 (Terça-feira);CSAT;pa1srwal57hacrd9yhpa1sr1edr4fbkx
33b23105-a048-4a00-a794-d44074f50def;3807d899-cf1e-42ca-91f9-6269e143b55b;QV03100;5;true;2026-06-29T14:35:11.354702+00:00;29/06/2026 (Segunda-feira);CSAT;xc4u817gs1qd2uov6luqxc4u81t1ggl2
44b815c0-292e-416e-a9a5-f7e062ec7fc2;03e1f79f-9709-49ba-87ba-43e01ea5c7c6;QV03196;4;false;2026-06-30T12:31:01.413046+00:00;25/06/2026 (Quinta-feira);CSAT;43h4wstckg4arzxm743h4oshkhfhcum5
4440753d-0330-4bab-8124-4a9e7cd2008c;592bfac2-e4a1-4e48-af61-b380e62ffbcc;QV03184;5;true;2026-06-30T15:16:40.860218+00:00;30/06/2026 (Terça-feira);CSAT;emxqse6kypt2e2l6emxqpauk4n5r0v3s
67fc5ed9-9ace-43e3-b7f4-44c8124bcf54;48168881-6fb6-4cc5-8ced-5437bf18be65;QV03138;5;true;2026-06-30T16:06:27.462564+00:00;19/06/2026 (Sexta-feira);CSAT;q2xw7qlbczfomuo07qq2xw7fty1nithr
5fb744e0-d19b-425d-9d16-4b8c2bf9e0d1;d81cdc90-7a9e-48f9-b79f-752f39b90966;QV03218;3;false;2026-06-30T20:36:20.490603+00:00;30/06/2026 (Terça-feira);CSAT;7ju2tdweadedcz2pifp17ju2tdwm3l87
b83075a4-6b3a-48d8-9ac3-ca48312d0596;c14e0ce6-3faa-4300-a2c0-f77a65a5a41a;QV02919;5;true;2026-07-01T00:50:35.828759+00:00;29/06/2026 (Segunda-feira);CSAT;l90lxx1bf50hrcasfl909grvhgcxw09t
1f900ed6-c296-450c-99ce-50ee4c39c95c;dda01b1a-3b7a-41db-86a1-71cea119eacb;QV00385;5;true;2026-07-01T14:25:52.747752+00:00;01/07/2026 (Quarta-feira);CSAT;scs3t645er1h1sw8225fscs3tat0g055
f8249a0f-b2d7-4bd0-bdbc-cb73fd93d28e;86848277-9116-4cb9-b3bf-dd48784fcd3d;QV02434;5;true;2026-07-01T17:11:29.668546+00:00;26/06/2026 (Sexta-feira);CSAT;h2w9wqvihr5atlatjt1h2w9wq7sxcam9
8379d4b4-258e-4412-a317-2ee99d241a0c;f2bbc0e4-a97e-4d69-9d5d-2f3cc3f3b1ec;QV02201;5;true;2026-07-01T17:49:33.788863+00:00;01/07/2026 (Quarta-feira);CSAT;100uut4rmecqqjscl3100uutv0xlqffv
497695d7-60c1-484f-8e45-a373a1498f39;4453d008-1c69-49dc-8cf7-b616dc2ad5b3;QV00520;5;true;2026-07-01T19:07:20.209532+00:00;01/07/2026 (Quarta-feira);CSAT;12u76vzcwnc6pd31512u7b67y9971th6
a1250626-85d1-4cef-99b3-eb46c9e5db3c;;;5;true;2026-07-01T20:18:22.580724+00:00;01/07/2026 (Quarta-feira);CSAT;3u1xvlc491ux41qjuv0l3u1xv6icqypw
b74372fd-a667-499b-a2e3-db4791971d51;3860cdfa-aa8b-4904-90ca-37e67d03dbd5;QV00031;5;true;2026-07-02T00:15:58.845975+00:00;01/07/2026 (Quarta-feira);CSAT;66h03u45n8jwtwpjzfz4m766h03u4pdx
eac4ffd1-84ae-4874-961c-60ba97c4c8ae;9762b28a-7057-4957-8c58-f7db0e2a645f;QV03051;5;true;2026-07-02T01:57:35.89624+00:00;30/06/2026 (Terça-feira);CSAT;wliyrz9ytauowliyp833ltyu8hqqg6p8
726a28c4-d555-412c-b3d4-6304ccb89133;fc3463d9-eb43-4a4f-b952-364a5420e2bd;QV03113;4;false;2026-07-02T02:03:43.777666+00:00;01/07/2026 (Quarta-feira);CSAT;o737l97s1jyu8o3yaro73jgvf0k1bcuy
25ae607a-39c5-4d73-99a5-0ae65b61a4d6;c82a2b5c-384a-4b84-ab95-b602e78847ba;QV03011;3;false;2026-07-02T03:45:14.890245+00:00;30/06/2026 (Terça-feira);CSAT;dqdis9pdnv5tybjnmf3dqdisbkz917k9
d457ae30-2e16-439f-8d29-cf43522110ef;a58431e1-d265-4cca-aa84-2f176e2eef33;QV03111;5;true;2026-07-02T16:28:05.488917+00:00;24/06/2026 (Quarta-feira);CSAT;pz4df2ehcuz3mr86w1supz4df2uqt80q
203a5b1f-4fc0-4559-88ba-99e3f36f1707;040be11b-b5f6-46c0-bd04-5d96f275421c;QV03179;4;false;2026-07-02T17:50:51.147226+00:00;01/07/2026 (Quarta-feira);CSAT;05llcjkqfkyiafnp05llcw8ya9mer7tz
65e570df-91f0-406c-88aa-867aafb90a00;fe3a66f9-77c2-4c53-a387-18381f22397a;QV00029;5;true;2026-07-02T22:49:39.355382+00:00;02/07/2026 (Quinta-feira);CSAT;sad7xjc2wvl2f5r6fsad7xj0rkc3euk5
fd348e16-6188-445a-9f67-883bef2cccdf;;;5;true;2026-07-02T23:45:33.114598+00:00;02/07/2026 (Quinta-feira);CSAT;56v26z8y0yg3iezwszpa956v26c3emv9
2b6c1b62-7236-4363-96ca-7718a7ead13a;3d1c20d2-b844-4434-828c-e0c57fa979c4;QV03200;5;true;2026-07-03T13:48:32.442529+00:00;02/07/2026 (Quinta-feira);CSAT;agsj2shs7ws8e733agsj28wy226w9frq
ffee7b8c-c478-4752-9aa4-51621ce2058a;451716d7-0ff7-413b-97f7-580efd295b63;QV03159;5;true;2026-07-03T16:58:40.15806+00:00;30/06/2026 (Terça-feira);CSAT;ruwbb1n6y81n8z4rzruw75r2lwf2tiql
33bb55ab-3908-46c6-93b7-090b433204bc;d0671050-cb3c-4c2d-bb61-b9bda4744f0c;QV03122;5;true;2026-07-03T20:25:11.013994+00:00;24/06/2026 (Quarta-feira);CSAT;dzf9zyvi630ff7vwtz9ggdzf9zyv5ffd
f38166cd-7d40-4ce5-8500-c2731fc73bf4;94b0f06c-c02c-458c-b0e2-6216227cddfe;QV03232;5;true;2026-07-04T01:23:43.920065+00:00;03/07/2026 (Sexta-feira);CSAT;b11tzto3msvh4aj7fb11tzt2wq06gku6
707bab7b-c507-4747-87ac-27f5b955ced1;;;5;true;2026-07-04T19:26:21.703328+00:00;30/06/2026 (Terça-feira);CSAT;4hqcgj2pausoox4n04hqcgjj5odna9w1
ec7ff413-2b86-4a18-b765-01d188a2e2a5;;;4;false;2026-07-05T15:39:16.321147+00:00;30/06/2026 (Terça-feira);CSAT;vgrys9nigcepfehgori0vgryszlpvmhv
22b90ad8-13c0-4d66-a6fb-57a71591f2f6;4f3b3619-06fa-43cd-a545-332d12b64693;QV03170;5;true;2026-07-06T14:24:50.159341+00:00;15/06/2026 (Segunda-feira);CSAT;p7a71ndwsdkbg2ewkaw12p7a7129mq0r
349f6197-7031-4cfd-a0c0-13a8ad85de67;784e45e8-7b8b-4fad-a9cd-ec0c20aa1f57;QV03272;5;true;2026-07-06T17:32:28.50416+00:00;06/07/2026 (Segunda-feira);CSAT;fx8s2dqo7surjdlh6g4fx8s2dojeco45
c6edcb4e-e4da-4e03-917e-dd7d2c00d9e8;d8a9692a-100f-423f-b822-f2167007d56e;QV02813;5;true;2026-07-06T20:20:10.776029+00:00;06/07/2026 (Segunda-feira);CSAT;urzykzqrwa8r2xwnaazurzykrscfq3zu
ad3a5575-97ee-4b3a-8fc0-84a4ce66ebc9;;;5;true;2026-07-06T20:35:28.00574+00:00;02/07/2026 (Quinta-feira);CSAT;k1mbk8vskpizn8uuq52sk1mmcttsrtla
745d5e55-a01f-427d-af04-341d1109cd97;3103071a-99b0-4db6-aa7b-b6e8ad6876d6;QV02972;4;false;2026-07-06T21:50:04.979072+00:00;06/07/2026 (Segunda-feira);CSAT;sl5xrargtjp3n2a9wvtxsl5xp1gh3rs4
0b77c826-58cd-4420-bc06-fb30c91a9310;1617d1cb-e28a-4339-997e-e1ed71776734;QV00440;5;true;2026-07-06T22:08:03.68433+00:00;06/07/2026 (Segunda-feira);CSAT;d8i8jft28wnan0tsdjoubrzd8i8jftv2
b7825f3f-b89e-4c9d-9014-d75410c4e095;;;5;true;2026-07-07T01:42:29.624879+00:00;06/07/2026 (Segunda-feira);CSAT;9olh18q83sctoebnhzve9olh18qu6ibr
f00cbd02-ec08-4f3e-9072-6ab2fee2871c;;;5;true;2026-07-07T06:42:20.153718+00:00;06/07/2026 (Segunda-feira);CSAT;nnhwsw4trv39s8hnnhw75ak7mupbkedm
6e280082-4ff9-48d9-a67a-1c37419ababc;9c63bd2a-2127-406b-84ce-616507205bfb;QV03172;4;false;2026-07-07T14:13:05.189488+00:00;02/07/2026 (Quinta-feira);CSAT;ewxx561cberte1uiyewxcij6pem6gvqj
ecfb4390-33ba-4803-80b1-1298cd49cd56;809f66f2-a65a-48a9-9e44-7a9f03c62355;QV03258;4;false;2026-07-07T14:22:49.694616+00:00;07/07/2026 (Terça-feira);CSAT;5sdt7an30w235cxyfk15sdt7axofy8nn
7fe71758-8066-4a39-a64c-f7358d1c8c70;ed358959-e6cf-49b7-a581-15f584121583;QV00490;5;true;2026-07-07T17:42:16.916278+00:00;03/07/2026 (Sexta-feira);CSAT;z7aygj9ospi6fnc8rz7ayu342xmcneb4
068e5761-c176-49a7-907f-b604a908d708;39b2c6a5-1050-4f8a-a6fd-d5aa29b522a4;QV00006;4;false;2026-07-07T18:52:45.580036+00:00;07/07/2026 (Terça-feira);CSAT;sd28if567b5wsd2nzdh35v19p1w1ab98
b521a8ad-68cd-4d6a-b45a-f6aa70a05f86;9fcad240-a3ab-45a6-bd96-2c48cc537124;QV03072;4;false;2026-07-08T00:51:19.044384+00:00;24/06/2026 (Quarta-feira);CSAT;8433l019ofu1l9d5o9uy2f8433l01l70
43cfccfc-6404-427c-a004-63fc8437a67d;d81cdc90-7a9e-48f9-b79f-752f39b90966;QV03218;3;false;2026-07-08T13:16:48.983663+00:00;30/06/2026 (Terça-feira);CSAT;becqvgk344gulct9ro3becqvdz9pvf6l
27fcb69d-e16a-450c-9b41-0d4ddbb86e96;de2acf46-c28e-44ce-b3c4-88c028e75627;QV01845;5;true;2026-07-08T16:37:19.517293+00:00;06/07/2026 (Segunda-feira);CSAT;2bxpkj9drhpv12bxp87ad9qsmbfxckk4
057b6c87-f52e-42a9-8e19-300d4a54a9a4;5607a0f9-661a-4367-8eba-95ed157c23ba;QV02790;4;false;2026-07-08T19:54:30.810044+00:00;25/06/2026 (Quinta-feira);CSAT;xjtb5h2hxw8w1g66mk3xjtb5qbtyqn8t
47f5fa44-1fd1-4a7f-b3eb-5c3c84a1b141;;;5;true;2026-07-08T22:36:04.870343+00:00;08/07/2026 (Quarta-feira);CSAT;55k7t3suvxow8hkxzu55k7tai927fhfu
3ea4a836-b5a2-4c4e-b8c7-a6b9ddc6a085;;;5;true;2026-07-09T13:51:26.663211+00:00;08/07/2026 (Quarta-feira);CSAT;x0s5vznoi92ujx0s9lltsoym2frw6jqv
9517e016-0079-44d8-b8b4-6f7f9ede2fc5;3d9a48fd-30ab-45ad-87f3-cbe2f44ca6e3;QV03268;5;true;2026-07-10T00:18:52.209073+00:00;02/07/2026 (Quinta-feira);CSAT;tmuwy646lp6dseh1ftmuwyhyvm2ilpuc
12e871e2-f622-4b30-9273-931d03ef0bd2;c14e0ce6-3faa-4300-a2c0-f77a65a5a41a;QV02919;5;true;2026-07-10T00:37:11.134124+00:00;09/07/2026 (Quinta-feira);CSAT;0hzx19xb7yd65hzcw0hzx10fyfkg4gj3
f0e97ad1-de2d-42bc-8331-8e48339ac6e3;ed713ff9-05a2-4e3f-a7d4-28d1657a5389;QV03307;4;false;2026-07-10T12:56:44.057009+00:00;08/07/2026 (Quarta-feira);CSAT;mmbwd799cfp0w8gn6yekymmbwd73vn1b
c184baa8-624b-4a86-b51f-19594ae01013;cc4ad025-8f9e-4d36-8962-f48b4092229f;QV03315;5;true;2026-07-10T17:37:52.033521+00:00;08/07/2026 (Quarta-feira);CSAT;kmw06y6vqvmhwy4dk7pkkmw06odvmny7
a46cb8d4-c39d-4728-8657-454fa65f9e20;0a240672-cf97-4e95-b822-d02fc2bfa60a;QV03057;5;true;2026-07-10T19:45:47.897034+00:00;10/07/2026 (Sexta-feira);CSAT;woyig44sg0k2zira87ywoyig444sdec5
6f784976-8ada-434e-ae29-e3787462550f;1dee945e-6332-4b46-8043-f544b74c16f1;QV00040;5;true;2026-07-14T01:06:08.382663+00:00;06/07/2026 (Segunda-feira);CSAT;z1jyjkly4gn8tdbru9i4z1jyj6gcre8j
81496682-51ae-4209-b5dc-470c2c8b0c20;;;5;true;2026-07-14T13:12:01.819909+00:00;10/07/2026 (Sexta-feira);CSAT;lq71ql1beuygd3w8q0lq71qrhqfwdv1u
e305b2eb-123e-4566-a781-9b660eb999df;57ed3ab8-dede-4ae1-aa86-f516c112a4fd;QV03229;5;true;2026-07-14T14:32:40.829535+00:00;14/07/2026 (Terça-feira);CSAT;xrrkqi45ny0s3qvmvjx7bxrrkqi4ykku
9987ce45-06ff-485f-a0cd-46435e324ab3;71946fad-5b93-40f7-8dff-6f50d54c4700;QV00039;5;true;2026-07-14T16:47:55.212654+00:00;13/07/2026 (Segunda-feira);CSAT;va066sau4ls4je5c2b5va066s5e7mya0
3a6592a3-7b17-4d4f-98e9-6ce560e50ccb;;;5;true;2026-07-14T20:33:30.329887+00:00;14/07/2026 (Terça-feira);CSAT;g6xfjq3z57podhnrg6xfjqxzmlxd66js
8e92e1f4-15ea-4874-8882-af6022b609db;92cd6edc-c547-4d2d-9667-a3d9bf558ce5;QV01062;5;true;2026-07-14T22:34:48.911585+00:00;14/07/2026 (Terça-feira);CSAT;khxwxkbo4rydejdnkhxwmza5fc9aqeqh
f493626c-eed9-4678-967d-b04a2a702369;5cb3c6ec-8a23-49af-964e-78042dfa625b;QV03116;5;true;2026-07-14T22:58:08.871791+00:00;14/07/2026 (Terça-feira);CSAT;pbfk24msvd7nut9pbfk4vzj4j3jsmr02
0d423252-1551-4d35-ac59-886d2bf42180;51f98473-0325-4a5c-913d-44fb83a71184;QV00025;5;true;2026-07-15T11:08:33.670074+00:00;14/07/2026 (Terça-feira);CSAT;9ktvtfdyn4fqdouiv1h9ktvtfddfis7j
1ab31a3f-3018-42dd-81db-4a05d17bf8b6;3807d899-cf1e-42ca-91f9-6269e143b55b;QV03100;5;true;2026-07-15T20:17:08.769843+00:00;15/07/2026 (Quarta-feira);CSAT;igd3jt6l6cg3t8pgt7igd3jt21qyu1li
06d684ce-44a8-46ef-9d9e-0d24e63bb069;040be11b-b5f6-46c0-bd04-5d96f275421c;QV03179;5;true;2026-07-15T22:22:17.755903+00:00;15/07/2026 (Quarta-feira);CSAT;4h9dk3xjfuaadj6suqlmueu4h9dfw8rg
a15a6556-b709-49ae-b9d3-86eaf50b4803;;;4;false;2026-07-16T02:39:50.797186+00:00;15/07/2026 (Quarta-feira);CSAT;dhooi7o6dcqdiyxccqdhooy9hqf0r1h7
fadb29f1-f37c-40fb-86d1-9cb1cfe5b93d;9c63bd2a-2127-406b-84ce-616507205bfb;QV03172;5;true;2026-07-16T13:21:37.791834+00:00;14/07/2026 (Terça-feira);CSAT;bj0yn6suiud06bnu5g5yryrdhea43d0a
0822707a-b947-457c-b72e-8c3c2e78832c;c4f61216-f4ec-4065-8da4-41ce05088972;QV02758;5;true;2026-07-16T13:52:01.912199+00:00;15/07/2026 (Quarta-feira);CSAT;45mcpof0awtx3e5fpxh2j45mcp0ocgn8
7e56ddb5-e15f-498e-9cad-1c62f07d3776;;;5;true;2026-07-16T14:22:30.382656+00:00;16/07/2026 (Quinta-feira);CSAT;8y6eyplepzfka51u8y6eypl9369atj4g
16247c87-c602-469b-b381-8af47c32c812;451716d7-0ff7-413b-97f7-580efd295b63;QV03159;5;true;2026-07-16T18:32:54.392577+00:00;16/07/2026 (Quinta-feira);CSAT;1i2d4xwui5jtt7bd5rf1i2d4xmcode02
dd3522bb-41f4-4613-abaa-43bcf38f9adc;;;5;true;2026-07-16T20:33:42.98329+00:00;16/07/2026 (Quinta-feira);CSAT;pn8cyne2g73ff7jcnpn8cyndfbval44j
481f9f0c-3563-4347-a722-bc72205a93d9;53f399ae-9b9b-4bc6-8905-fddf53cbb841;QV00059;5;true;2026-07-16T22:28:01.923017+00:00;16/07/2026 (Quinta-feira);CSAT;8i20s2qwjppw6d8i20lvbdy5ysapoi5g
1e4d61d7-55cd-40b6-b932-d338babee870;39b2c6a5-1050-4f8a-a6fd-d5aa29b522a4;QV00006;5;true;2026-07-16T22:53:44.498079+00:00;16/07/2026 (Quinta-feira);CSAT;61726sqym3famtfswh7h0861726syzmc
0e76d361-2d89-4d8c-8330-22f3c41b85e9;5cb3c6ec-8a23-49af-964e-78042dfa625b;QV03116;5;true;2026-07-17T10:22:20.271907+00:00;14/07/2026 (Terça-feira);CSAT;hpnnuo6v3lude7ahpnnlsra4xcr2u0e8
e4798782-8e60-4147-8389-f107594968ac;75fc614a-6ff1-477d-b757-048b2d5c4c2e;QV03262;5;true;2026-07-17T14:14:39.794323+00:00;16/07/2026 (Quinta-feira);CSAT;pykli8d69wddg7y2jc1b1ew4pykli3nl
46cd20b4-0857-4da5-8c75-b9fb39659fbe;0eb2b0c6-d71e-4a05-81c8-6a22a73478f4;QV01130;5;true;2026-07-17T18:13:18.444172+00:00;17/07/2026 (Sexta-feira);CSAT;iwity9d2hejmb8iwity9dqziq2rvasjv
6c28d1c1-593a-4892-9f1c-2b670844b9ba;4ce91525-89a3-42e0-8986-6b1f085e3b33;QV03183;5;true;2026-07-17T19:05:02.094734+00:00;17/07/2026 (Sexta-feira);CSAT;k4p5n2ttd3aihkuo5dk4ppomebgkffp1
179fe333-aa6f-453c-9876-1ebb62799f70;07186f59-0021-4131-ac8d-a368c1f506eb;QV02840;5;true;2026-07-20T18:57:37.754628+00:00;16/07/2026 (Quinta-feira);CSAT;nw4uex2l6dte6bo0nw4ued4p48r649wh
1fc94817-b567-4363-944a-ac81f0f0565a;;;5;true;2026-07-20T20:50:52.21842+00:00;20/07/2026 (Segunda-feira);CSAT;bqox12dp8sqit2tbqoaf8gns1s9uqzc2
b4d27801-cc28-4415-8056-b2d9f19c4f5b;;;5;true;2026-07-20T21:02:24.388226+00:00;20/07/2026 (Segunda-feira);CSAT;la602hyhv3lv8iwdneitfla602hm9m14
c41f04ef-d764-49da-ade1-281acc730d9d;3bd1f9eb-9e55-4524-9553-53205c630715;QV03239;5;true;2026-07-21T11:38:31.364611+00:00;08/07/2026 (Quarta-feira);CSAT;6econjbz313q8m06k6e6econjub1y8ts
caa5033f-883f-4af0-877e-148c26a8ebe9;af1738bc-d133-42ad-859d-1c1fa672a747;QV02035;5;true;2026-07-21T17:25:56.009787+00:00;21/07/2026 (Terça-feira);CSAT;c4pn5u3ddchfw32lrc4pn5u9g9g3asmc
135cac61-64d9-49cd-b28a-49f16bf7e6d4;fdadbe28-0d49-4490-9dd2-679694784e42;QV00388;5;true;2026-07-21T19:57:16.062786+00:00;20/07/2026 (Segunda-feira);CSAT;a051ozt4zxynm816xca051oz43inqj54
6ca16157-c8a7-477d-9b17-f72cfba1632e;a2be101c-8b63-48e6-8ac2-33cc39631f63;QV02962;5;true;2026-07-22T14:05:36.427001+00:00;22/07/2026 (Quarta-feira);CSAT;x66wezvqzbpkivam8c8x66wy0gwt6yor
8e07f1f8-132a-41f6-badb-cfb72bc94cfd;3bd71fd0-234b-46ac-8d85-33479735cabd;QV00512;5;true;2026-07-23T00:07:50.028625+00:00;22/07/2026 (Quarta-feira);CSAT;xfavofk7r9std7s6ykexfavuq0nm6fyu
fc56f0e6-53ec-43cb-8734-1ebb1f589bb3;784e45e8-7b8b-4fad-a9cd-ec0c20aa1f57;QV03272;5;true;2026-07-23T21:54:43.764769+00:00;23/07/2026 (Quinta-feira);CSAT;oehks3hqwunhvdpavoehblnvunczcvb5
9bec2c34-4302-424b-bdc5-b67911adeea4;4648b5d0-c1f0-4a3d-9980-2fd0ba303479;QV03101;5;true;2026-07-24T02:05:46.947858+00:00;21/07/2026 (Terça-feira);CSAT;d5cg2jtdjgbdqs4motd5ccfg08lisnha
98f3eaa7-da5f-4cb2-b097-c94a245011f3;d81cdc90-7a9e-48f9-b79f-752f39b90966;QV03218;3;false;2026-07-24T17:25:06.240883+00:00;23/07/2026 (Quinta-feira);CSAT;7ohgkx3r42q7wb485qi7ohgay1a2a99a
3165f3bc-0ee9-4dae-b73b-27cd6aa34917;b83c66c8-57ce-4516-bfdd-ecfc46175a88;QV03327;4;false;2026-07-24T19:04:08.275554+00:00;24/07/2026 (Sexta-feira);CSAT;crlilxcs788tnusz070crlilipj7dt9i
e7eb54df-14c5-412f-8f36-837bce5ea839;5e0f94ba-e58f-4e69-9f30-886566645df0;QV03280;5;true;2026-07-25T15:10:45.377292+00:00;24/07/2026 (Sexta-feira);CSAT;ccb9dgotvn78ocirq92dccb9dgzciocj
765d2e7d-8d8a-433a-8034-effff507f408;ee6c3cff-3a79-4e81-8dd3-a162e8c8b21e;QV03235;5;true;2026-07-26T21:41:53.448525+00:00;22/07/2026 (Quarta-feira);CSAT;2g2ojlxxjx1qw3i2g2ojwsl3ht88zxrz
61083bc2-186c-4506-93b8-5a897691321a;;;5;true;2026-07-27T16:33:32.580606+00:00;27/07/2026 (Segunda-feira);CSAT;5vi61apjdvnwj66i5vi6avxslchpt3sr
8c23a8e9-3d94-4eef-aaab-406c18a26b38;;;5;true;2026-07-28T21:36:14.112771+00:00;28/07/2026 (Terça-feira);CSAT;z9ya9h2r2vp13107z9ya96u5wsht6yry
409c3184-4a50-4b61-a821-1494e9157572;120f91a9-6acc-4b06-9078-ceeb184bf58b;QV02318;5;true;2026-07-29T09:39:17.874811+00:00;28/07/2026 (Terça-feira);CSAT;k2illr1psahzgawspli417k2il53kza4
b4006aa4-1b25-48de-9b63-c42d904b780e;1b5737cf-9f06-48ef-aeb7-533921707e0f;QV00427;5;true;2026-07-29T12:15:16.882208+00:00;28/07/2026 (Terça-feira);CSAT;2o40fonubslz8jytgxsc2o40foc0ok8z
a9a7a56a-e34d-4db2-9e36-f7137f17f292;;;5;true;2026-07-29T15:11:33.277135+00:00;29/07/2026 (Quarta-feira);CSAT;h4pyidf2eev5z0okh4pyid483o4bgxjh
eff71bfd-a49c-4732-a372-81fa474160f5;5bc1d906-5dda-4c97-ab62-91f502b4e1a9;QV03220;4;false;2026-07-29T19:29:59.76345+00:00;28/07/2026 (Terça-feira);CSAT;n1w8rlflv1w995b58n1w8aulf7wppkx0
25ec8f52-4aaa-4153-aeec-34a77de0f25f;;;5;true;2026-07-29T22:40:29.109872+00:00;29/07/2026 (Quarta-feira);CSAT;bht5wprhoafw44g00xbht5wprjfci80c
cff5f6a6-f662-4cc2-b6f5-dce25aceacfe;4453d008-1c69-49dc-8cf7-b616dc2ad5b3;QV00520;5;true;2026-07-29T23:04:13.073882+00:00;29/07/2026 (Quarta-feira);CSAT;7lkbivubgg9e37lkbo59fl4dhrfctqi7
ad79588f-b515-4362-9ad4-d758404a6cd3;;;5;true;2026-07-29T23:14:18.213097+00:00;29/07/2026 (Quarta-feira);CSAT;ue5pdg9mxz4ac5n5wtue5pdxyu3f3jm6
eda4b957-1bc0-4262-ab49-19ec234839a3;;;5;true;2026-07-29T23:26:06.156433+00:00;29/07/2026 (Quarta-feira);CSAT;gi7s7snyzy9crsrk9agi7s7s52p3v5p8
d72afce4-8875-4cdc-9d98-b20b5a82bfc9;ed358959-e6cf-49b7-a581-15f584121583;QV00490;5;true;2026-07-30T22:28:50.085693+00:00;30/07/2026 (Quinta-feira);CSAT;tz5uorz3alnjm88ac33yrctz5uor01p6
7fae6449-8693-432c-ad30-4294be4314bd;94b0f06c-c02c-458c-b0e2-6216227cddfe;QV03232;5;true;2026-07-31T22:07:04.189945+00:00;31/07/2026 (Sexta-feira);CSAT;u635c72w8i6hij9g9h9u635c93xda4g1
7fd7f3ec-6fb3-42ff-ab6a-4d91c4c2b657;e6573215-1c61-4aa3-a448-add2dd5b0b94;QV00695;5;true;2026-08-01T14:04:52.934544+00:00;31/07/2026 (Sexta-feira);CSAT;dvexd65mzfgbqbv9l3bdvexd3rhab1m3
e923df08-5fd4-43a6-8a0a-a203acbff0ed;951cb145-5fe9-4bd0-a5f7-b5247ddf0713;QV02265;5;true;2026-08-03T20:35:33.974619+00:00;03/08/2026 (Segunda-feira);CSAT;49hjivcw3aouilng49hji79ziob5bman
002f8644-2144-4504-93eb-7c0953d8b71d;164b10b5-d590-4898-9b92-e67ecf8fcd38;QV10471;5;true;2026-08-03T22:52:55.71909+00:00;03/08/2026 (Segunda-feira);CSAT;gefpcuay1xk3ck9gefpc112agwo8u1ph
bd993fe9-cffa-473c-acd8-c052a27a84d1;;;5;true;2026-08-04T11:21:06.70242+00:00;07/07/2026 (Terça-feira);CSAT;1gmombtgkgs3dw84p51gmombj8mdcqi6
a800ae82-0a30-4855-8fee-6475cb03d9ce;cf5eb9d1-f0fa-460e-8959-d5f09b928d9e;QV10446;5;true;2026-08-04T13:17:39.264285+00:00;04/08/2026 (Terça-feira);CSAT;azl3n8my3lt2pa4ojx98v56m2h20tnn3
2807bc1a-d6f3-4545-862d-b2c8eed92fc5;49d916e0-5875-4900-b556-a85e7a8a27d2;QV03123;5;true;2026-08-04T17:00:54.118262+00:00;04/08/2026 (Terça-feira);CSAT;n1wqa3yvpdto663kn1wqhbd7yk75a19g
01c04431-5315-465f-a67a-9f6bc3874ef3;;;5;true;2026-08-04T17:18:48.543525+00:00;04/08/2026 (Terça-feira);CSAT;gbhztaxakbazafrtbg3gbhztp12h1mwm
619b875a-2682-4fbf-b256-fe8bd39cb117;c3058d02-722a-471c-b7da-50ad502e8e47;QV10841;5;true;2026-08-04T18:59:16.000111+00:00;04/08/2026 (Terça-feira);CSAT;jpd6tncjfupgrg9yyejpd6tncq8r1sd3
f34f53ac-f974-4238-81df-01df65e84f45;dae7028d-6d0b-4a96-a356-47d7674430a9;QV10829;5;true;2026-08-04T20:22:29.840931+00:00;04/08/2026 (Terça-feira);CSAT;omao0vdcddb2yb1qsgoman1805crhz8y
7a5021b8-520b-42f9-91e6-0b8cc6506499;;;5;true;2026-08-04T23:04:20.120688+00:00;22/07/2026 (Quarta-feira);CSAT;qsnu9z5rob7ivqejhppqsnu916qnycia
0e3aa608-af1f-4a62-8012-8fd67f53b0c8;901f10ff-4d83-45c1-8120-2685136d1af9;QV03314;5;true;2026-08-05T09:31:28.32999+00:00;04/08/2026 (Terça-feira);CSAT;89g12qnnbuf3f4vfzizdqd89g1216w5d
c2904751-0b3e-4eb1-9ead-fc4c0ac8c7aa;;;5;true;2026-08-05T14:25:05.454897+00:00;04/08/2026 (Terça-feira);CSAT;xt6g86o6xnvl8aabihwxt6g8ivrc2pdg
3db766a6-617b-43ba-afd8-54afa4554799;;;5;true;2026-08-05T16:55:44.985105+00:00;05/08/2026 (Quarta-feira);CSAT;yuxo9f6v1d2snug3pc1nyuxoqtnt7yv3
ab71fd05-61f6-46de-8e13-996f558bd317;09618548-400c-458e-a572-cd7d4400b12b;QV10825;5;true;2026-08-05T17:09:35.214973+00:00;05/08/2026 (Quarta-feira);CSAT;riq4321sx77ybcxfxtc974riq4wgnjh0
bcfee728-2039-4b92-b35d-1681dca6ed5a;1b65c19c-faab-40fe-a535-6767e0d7ac59;QV10831;5;true;2026-08-05T19:20:40.203254+00:00;05/08/2026 (Quarta-feira);CSAT;vaf0rnhy7yixjfwbemflvvaf0rn7iyrh
89ff886c-b47a-47b3-9012-41fbdca9ef25;d0671050-cb3c-4c2d-bb61-b9bda4744f0c;QV03122;5;true;2026-08-05T22:29:46.519219+00:00;05/08/2026 (Quarta-feira);CSAT;g95yeid8rrei6pvq18g95yei2aoql5qa
5d714bb0-c194-4966-aff7-46774c2558cc;ed506362-293f-4ab9-b229-69e237b09953;QV10466;5;true;2026-08-06T02:47:36.056256+00:00;05/08/2026 (Quarta-feira);CSAT;qlyyj8xa7xre0wqlwq9j8bu4fms1hqpm
0c5097d5-a104-495b-8081-ab07034f0504;abf68d33-a146-47a2-a020-757b9e0a3419;QV10470;5;true;2026-08-06T15:10:12.592429+00:00;06/08/2026 (Quinta-feira);CSAT;i6uniczet5fq9xok1i6unyx4pmxmjzwo
76a6eddb-77c2-46df-b4a7-1ab3d93d957c;01c7c4e7-29de-4f01-aaec-f6fd8069d4bc;QV10861;5;true;2026-08-06T23:55:19.665691+00:00;06/08/2026 (Quinta-feira);CSAT;u6v8dfqyalcpplmspzu6v8df5h5u6qaf
c2012494-b3dc-432b-8349-81257470b9fb;01c7c4e7-29de-4f01-aaec-f6fd8069d4bc;QV10861;5;true;2026-08-07T00:42:38.408478+00:00;06/08/2026 (Quinta-feira);CSAT;6zezh9tcwqzjw8bmys6r6zezh9ugr6jc
63331f7b-41af-4190-9847-77f7cc6440b0;e600f2da-cc4a-4110-8505-e7fdf5cfc71c;QV03099;5;true;2026-08-07T00:56:44.215208+00:00;06/08/2026 (Quinta-feira);CSAT;8iuk5a9z2721ns8iukxh17yukoo7d3uz
98bd9e97-4d8d-4797-84f1-f0fa3fdb39ad;8cc58879-18b0-4a2f-809d-5a206b1bf4bc;QV10814;5;true;2026-08-07T14:43:39.496125+00:00;06/08/2026 (Quinta-feira);CSAT;cg5a8441aks5gdxs7gcg5awc5rneleli
b56f6fc0-1d2f-4b02-9cca-e9ddab6f8e46;dae7028d-6d0b-4a96-a356-47d7674430a9;QV10829;5;true;2026-08-07T17:36:21.956+00:00;04/08/2026 (Terça-feira);CSAT;g6zr7a4pekakf6ig6zrp4ndtnq1rmrp4
afc6533f-a6b0-41a3-9bac-fc8b5dc69583;e38f8299-c11e-48f4-96e0-ef6a7f216ba5;QV01826;5;true;2026-08-08T18:42:39.012106+00:00;07/08/2026 (Sexta-feira);CSAT;lstaf8zxx6qdwi0lstaaj1lohw19yyp7
8e169143-630d-4670-bdd5-8bdde0b80c40;ee6c3cff-3a79-4e81-8dd3-a162e8c8b21e;QV03235;5;true;2026-08-08T22:58:34.787672+00:00;08/08/2026 (Sábado);CSAT;7k635b0fcfl6t74hp05az7k6ejj4qo85
6f28afb9-a6a6-4a27-9acd-a0e7e5aa9436;e8323e0e-632d-4a28-b8fd-47e9e1507ec3;QV10860;5;true;2026-08-10T03:34:18.289002+00:00;06/08/2026 (Quinta-feira);CSAT;gm3j782njqziuygm3j78p8z8tw326ft6
8d32a69a-3320-4de8-9fd0-9aaca206abcc;de2acf46-c28e-44ce-b3c4-88c028e75627;QV01845;5;true;2026-08-10T14:30:37.407685+00:00;10/08/2026 (Segunda-feira);CSAT;ncnv3gum1xmlhwe4dnupncnv3glo8ijp
fda4d42e-9e73-4170-a075-32660d27184c;cf5eb9d1-f0fa-460e-8959-d5f09b928d9e;QV10446;5;true;2026-08-10T18:32:19.114016+00:00;04/08/2026 (Terça-feira);CSAT;lsyonwi0gafz51yqlbvlsyon3httkjjg
cd70b31c-c52e-4acc-91c3-c77b3e55a601;814adabf-d36a-4086-8dd1-0eb515c63fed;QV00917;5;true;2026-08-10T19:00:20.786898+00:00;23/07/2026 (Quinta-feira);CSAT;yjmnlruc2zp72j87wfyjmnzsvqmn1iox
fb704b81-1b29-4a5e-9a01-aaaf12b038e4;0f129806-82bd-434d-92c7-38a929615f22;QV10811;5;true;2026-08-10T19:02:07.403393+00:00;05/08/2026 (Quarta-feira);CSAT;g751oaq40qwlu54l1mg75qtvour88hju
deaf8a21-dd9d-4ba6-9228-6536492fb0e7;5bfa75e4-7699-43cd-ac4f-9dceaab935a6;QV00960;5;true;2026-08-10T21:42:08.136714+00:00;10/08/2026 (Segunda-feira);CSAT;jhytltkcjasysgxkix4yqkjjhytltkc2
561792f4-67af-4c61-9b49-c64817540b3c;3bd1f9eb-9e55-4524-9553-53205c630715;QV03239;5;true;2026-08-11T10:20:23.68216+00:00;10/08/2026 (Segunda-feira);CSAT;dy92h2ojquzqngvwnadcldy92h2ojcf1
b3e0f007-168e-4cde-8c87-266ae8c55611;;;5;true;2026-08-11T11:38:50.322137+00:00;11/08/2026 (Terça-feira);CSAT;p1h4y4nlmk2vtwb7p1h4yewlmt5m0e05
04d17b6c-0918-4d98-b9ad-eee132fd58af;35b044c2-4669-4645-8a35-5f06fe20eb04;QV00788;5;true;2026-08-11T14:12:03.300373+00:00;11/08/2026 (Terça-feira);CSAT;sf0ddhk7r67csf0z8zv4a8dedjyphe8c
997dc47c-82f3-448f-bc51-5ac1bac79def;;;5;true;2026-08-11T22:12:10.144212+00:00;11/08/2026 (Terça-feira);CSAT;v2zz0jah592x9tr7v2zz0n5s5lvk97aj
eaba5e9a-9f58-4800-b9cd-e7453a94325a;;;5;true;2026-08-12T00:02:25.879042+00:00;11/08/2026 (Terça-feira);CSAT;91yco1uud65utgl391ycot3q0vj7c4x3
988fcc32-6c2a-4b81-82e8-52e762a9be5f;a73466e3-f6b2-4b6b-b49c-a78f053a2b3d;QV10475;5;true;2026-08-12T00:28:26.879779+00:00;11/08/2026 (Terça-feira);CSAT;y5tvara83gmmoydmu6y5tvarbzv9b4xt
67026f9f-c815-4b33-9f45-fd96965c8285;6cb6cee7-6b0e-4291-8270-a840167d81cc;QV03282;5;true;2026-08-12T02:48:26.155058+00:00;11/08/2026 (Terça-feira);CSAT;p0zxr3u69vfv10jyf24p0zxr3n01fjnv
f24faefd-8a87-4f71-9221-4ed199c3d06b;92cd6edc-c547-4d2d-9667-a3d9bf558ce5;QV01062;5;true;2026-08-12T11:17:21.418453+00:00;11/08/2026 (Terça-feira);CSAT;38b5dcr93fzb38b5tnxo2fi2w7uxajx2
04cc6483-1cdc-42b7-9763-ceb71f4013d5;b1c942a3-c982-4239-b7fd-9fef55597b82;QV00387;5;true;2026-08-12T14:50:52.463246+00:00;12/08/2026 (Quarta-feira);CSAT;zuatyt3pwxbvpo0d269zuatyt27u3vnr
a280c0cc-233d-4606-b6e9-f35dcc4a4449;8a621649-ced3-423e-bba6-3ead2ea17e40;QV00526;5;true;2026-08-12T17:50:57.714113+00:00;07/08/2026 (Sexta-feira);CSAT;zn9ta6dgkkepcwqqgwzn9ta6zfwam3wg
e0c49db0-2aa8-40ee-aff4-f40f8b96fa21;ed506362-293f-4ab9-b229-69e237b09953;QV10466;5;true;2026-08-12T19:47:15.491669+00:00;12/08/2026 (Quarta-feira);CSAT;imr1tvw2qrz3yxxlu41imr1tvw4jqgbc
19d5185c-2fcd-4777-9e83-5199aeaff0d0;41608427-c13f-46f2-9e66-f64182e2003c;QV11172;5;true;2026-08-13T14:00:40.272099+00:00;11/08/2026 (Terça-feira);CSAT;yq26xdnf5grpdby6tj10yq26x926mdh1
04deb799-568b-4685-a4dd-612425608e4c;53f399ae-9b9b-4bc6-8905-fddf53cbb841;QV00059;5;true;2026-08-14T00:35:13.206235+00:00;13/08/2026 (Quinta-feira);CSAT;h5e9q5emt6ph81ih5e048dtd7lxb4iva
9af608aa-8459-401e-9112-409980506f47;2bad94a6-1edd-401c-90c6-b9fbe2ca1064;QV10477;5;true;2026-08-14T11:48:00.029585+00:00;13/08/2026 (Quinta-feira);CSAT;z1t0y3br57gxx5sz1t0yrwwzv2c0qmkw
79823920-ed8e-403c-8b68-2b62b66193af;bf686a86-9ca3-40ed-9c73-e539af0b7a82;QV11168;5;true;2026-08-14T13:56:37.733007+00:00;13/08/2026 (Quinta-feira);CSAT;2ik5ljclrgdush2ik5nf624m708tmuhb
b09cf48e-8bb6-4055-bd0c-c509c7a8735d;e8323e0e-632d-4a28-b8fd-47e9e1507ec3;QV10860;4;false;2026-08-14T14:10:06.792016+00:00;13/08/2026 (Quinta-feira);CSAT;b4ue43rmu6g4n089vb4ueisvulyfdnri
efed25c3-90e5-4f4c-b4d0-563507daf554;;;5;true;2026-08-14T15:30:59.509955+00:00;10/08/2026 (Segunda-feira);CSAT;ohn7akirmmohnllh23sdm2sjl0p18llh
cb30a7da-b771-4066-b0ac-80e511896977;;;5;true;2026-08-14T20:18:49.253904+00:00;14/08/2026 (Sexta-feira);CSAT;jsnnxbruphav38nyq3jsnnm46uik5gqk
38dab651-f987-4a4e-a496-5b57ae790a01;8cc58879-18b0-4a2f-809d-5a206b1bf4bc;QV10814;5;true;2026-08-15T11:48:14.073328+00:00;14/08/2026 (Sexta-feira);CSAT;2zuwplfiyi8376hhq62zuwpx07hzcc6w
01de9ec1-2084-4a8f-a391-d182af52eb93;c6924122-3500-4c28-a201-af5129f75c17;QV10832;5;true;2026-08-17T23:06:34.09525+00:00;17/08/2026 (Segunda-feira);CSAT;09uhihe28jkjtnlmdgg10950bf09uhih
817bc878-e544-45d4-aa59-380adbed6545;fcb2341a-00ed-4809-ad3c-98f4ca349935;QV00887;4;false;2026-08-18T13:09:37.005628+00:00;17/08/2026 (Segunda-feira);CSAT;hps8anvzudq1ny9z3mphps8anvecvpki
f863255d-2101-4853-8cf8-50469a9aec40;9e11752e-e834-4817-b579-401f48c41e49;QV10909;5;true;2026-08-18T13:42:55.731678+00:00;17/08/2026 (Segunda-feira);CSAT;xvy8ivkfm3q6chon2oxvy8ivjefcxqbw
32170e28-97ba-4794-9622-c18790c19b44;a73466e3-f6b2-4b6b-b49c-a78f053a2b3d;QV10475;4;false;2026-08-19T00:27:31.271621+00:00;18/08/2026 (Terça-feira);CSAT;faosu6kxsxfljno29faosujltl20dptf
cc3f7c17-8381-4122-9e86-1e7eda3573cb;0a240672-cf97-4e95-b822-d02fc2bfa60a;QV03057;5;true;2026-08-19T22:12:25.272505+00:00;19/08/2026 (Quarta-feira);CSAT;1awdrafugz0ncao8tsts1awdra6qo22o
c1d1aee4-9e54-49e5-8999-4b17860478b5;814adabf-d36a-4086-8dd1-0eb515c63fed;QV00917;5;true;2026-08-19T23:44:01.121954+00:00;19/08/2026 (Quarta-feira);CSAT;5h0k4q5gffds8on9ypbf5h0k4q5f806u
53db3634-2ab6-437b-8743-cace8a5d19d6;bf686a86-9ca3-40ed-9c73-e539af0b7a82;QV11168;5;true;2026-08-20T11:21:01.148462+00:00;19/08/2026 (Quarta-feira);CSAT;40i2wx6gyvd40ibn6fp16pm5ymuanuh8
99fccc31-19f2-4e66-9ddc-0bd024c03674;0899caf1-557b-49b6-b1c8-bc4e4a1f898c;QV02341;5;true;2026-08-20T13:24:17.116452+00:00;19/08/2026 (Quarta-feira);CSAT;3icb7f9t8rxm993iwcpvevbd5uto001w
f9e6636e-0125-4de9-b406-f2a1cdfe2f42;b74c508a-197e-4e85-8c7f-af361202d97c;QV02662;5;true;2026-08-20T17:21:12.696766+00:00;19/08/2026 (Quarta-feira);CSAT;zv51tvuhnazp6e0mshtofzv51le27c4b
d2b3bb5a-f92c-4bad-9c33-78ad0b28c615;;;5;true;2026-08-22T15:42:33.907133+00:00;15/08/2026 (Sábado);CSAT;h28rv8d9u8uhbtt1uh28rv834lw00sqm
500e01ff-48b6-4bb2-9db0-87937af300ea;3103071a-99b0-4db6-aa7b-b6e8ad6876d6;QV02972;4;false;2026-08-22T19:33:30.726483+00:00;22/07/2026 (Quarta-feira);CSAT;blnwhg8xwoc8fvwe5blnwhg8eatzofuf
a896eb56-f6e6-4b35-ab03-a093e393606a;e8323e0e-632d-4a28-b8fd-47e9e1507ec3;QV10860;4;false;2026-08-24T21:56:22.508731+00:00;24/08/2026 (Segunda-feira);CSAT;61dekdp82vn93qway61dep1wwrqb9lnu
ff165f15-b264-43b4-acfe-30496a794973;648d7112-e174-4398-9dd1-3cc9fdc48227;QV10455;5;true;2026-08-25T02:08:07.687788+00:00;24/08/2026 (Segunda-feira);CSAT;idi92ahkzeptunusxidi9mq32ajo2jtk
4ae9c61b-2f3d-4476-8ce9-7f99ca4a9d6d;bb1e3e15-5af6-41ec-9280-50d2decd6099;QV11237;5;true;2026-08-25T19:02:17.914189+00:00;21/08/2026 (Sexta-feira);CSAT;kg29ywceh07tshcbx97srrokg29yw3sm
ce196de4-dcd4-4848-b138-b0e371ec6193;40240fa4-1a2c-45dd-b81a-8975cf384b5f;QV01692;5;true;2026-08-25T22:15:22.464872+00:00;25/08/2026 (Terça-feira);CSAT;lgfemi0clqd7cdlweksdlgfemhagntud
67254e1c-cd15-4e8f-a3cb-6857acacf7d3;4453d008-1c69-49dc-8cf7-b616dc2ad5b3;QV00520;5;true;2026-08-26T21:33:44.242074+00:00;26/08/2026 (Quarta-feira);CSAT;vze7hyylqx9ixml2mwcyvze7hyy5otyi
94e0c5c8-9ed8-452f-af3a-29b8831f486f;8bdb573e-37dd-420d-a914-143a8c37729b;QV02299;5;true;2026-08-26T21:38:04.686938+00:00;26/08/2026 (Quarta-feira);CSAT;xqzw81s2m6pzqtbeawg4p4gxc62451pz
56b29465-aa0a-4aaa-bfc7-6e7c9ab1d9e3;e8323e0e-632d-4a28-b8fd-47e9e1507ec3;QV10860;5;true;2026-08-27T01:38:04.546523+00:00;26/08/2026 (Quarta-feira);CSAT;yfdy6a7zsd45lbemsjyfdy6c7m00tpxr
3f5a407f-216d-48fd-aa0a-b984e26a4390;809f66f2-a65a-48a9-9e44-7a9f03c62355;QV03258;5;true;2026-08-27T14:00:10.750721+00:00;27/08/2026 (Quinta-feira);CSAT;5cyyle260ggb3sq055cyylinzc8sa372
53e6fbd7-6678-440c-aa98-72fb65a971a1;5607a0f9-661a-4367-8eba-95ed157c23ba;QV02790;4;false;2026-08-28T11:54:32.747438+00:00;27/08/2026 (Quinta-feira);CSAT;8utlwx8bymfjnqbd4rn8utlwxfwn5tfz
d4b245fb-4cd2-4206-b7a4-74b6d0d93c7c;c4f61216-f4ec-4065-8da4-41ce05088972;QV02758;5;true;2026-08-31T19:25:16.090925+00:00;31/08/2026 (Segunda-feira);CSAT;k5q2eonhher5tq5mk5q2eonank8yva5x
7d3d7f40-1a20-4a24-ad2c-7bce6a0744a6;;;5;true;2026-08-31T21:57:26.618585+00:00;31/08/2026 (Segunda-feira);CSAT;jw9luhesjdwj6jw9dcktah7wexpr1mvj
8c940011-3a4a-419b-8f9f-7cc744fb6fe3;ef19a2bb-f2c0-4062-8609-cf211b75a731;QV10835;5;true;2026-09-01T00:42:54.925598+00:00;19/08/2026 (Quarta-feira);CSAT;b87uaefk8rwrxpehg85kkb87uamhr6l1
14858dad-3e54-4f68-a4bc-a586e88bc400;;;5;true;2026-09-01T18:30:39.772679+00:00;31/08/2026 (Segunda-feira);CSAT;qv0tcdvravnpezjtwesqv0tcs68mo8mp
ba170266-6bad-485e-92d7-882a83e3eaf2;;;5;true;2026-09-01T23:10:50.496514+00:00;31/08/2026 (Segunda-feira);CSAT;j4327qnyhmgj5onrbdvj4327qjuw6exk
5c7b190a-ee79-4155-9d5b-66159eaeaadd;;;5;true;2026-09-01T23:55:11.123523+00:00;01/09/2026 (Terça-feira);CSAT;r7e7v1xyzesroy47r7e0jydubxcg2n4z
6adec8b8-c550-4034-86f5-aba4fd207bcd;5905c283-baeb-4dbe-8091-b30fe68f8174;QV11667;4;false;2026-09-02T00:42:30.48074+00:00;01/09/2026 (Terça-feira);CSAT;v5atpso60ekzopcc2v5atps8vvh901hk
2db3eded-958b-490b-a766-69aa57a8131e;ed506362-293f-4ab9-b229-69e237b09953;QV10466;5;true;2026-09-02T19:23:11.817969+00:00;02/09/2026 (Quarta-feira);CSAT;ow9tbc3iwwhxq44jpgow9tb3350nsryj
f3bc0141-72d7-49bd-9959-0ea114180965;7e4580cb-a1ab-4bd4-a629-5550b81a3165;QV03177;5;true;2026-09-03T01:01:51.00469+00:00;02/09/2026 (Quarta-feira);CSAT;8clnkpg9dzkn22bcip08clnk0c09q5h8
dad37c05-2bcf-4dea-815d-c7692c846f08;;;5;true;2026-09-03T22:13:49.657584+00:00;03/09/2026 (Quinta-feira);CSAT;lp9khx3ecgvtzv05gq3vijcwlp9khx3z
72af5d10-1452-42a4-b245-360eb9edd0ac;22d6c6ac-5f38-428a-8422-e61f2ce90c69;QV03332;5;true;2026-09-03T23:32:06.405843+00:00;03/09/2026 (Quinta-feira);CSAT;zz4nhkgpso6c7ublo2n8zz4n93qzlm7g
638d13fb-b2bb-4954-a5ba-47dcddc46a6e;75fc614a-6ff1-477d-b757-048b2d5c4c2e;QV03262;5;true;2026-09-04T12:01:44.22602+00:00;03/09/2026 (Quinta-feira);CSAT;3zvlj20z3hdxac3koz3c3zvlj9nhbdpd
edf98f52-826e-4375-a205-d9ab50dd61ad;94b0f06c-c02c-458c-b0e2-6216227cddfe;QV03232;5;true;2026-09-04T14:31:28.337443+00:00;20/08/2026 (Quinta-feira);CSAT;0xgqf1oggm43g07p8jtiu20xgqf15ckk
d528b5cb-d9d3-44c4-988f-1c58d9c49887;2bad94a6-1edd-401c-90c6-b9fbe2ca1064;QV10477;5;true;2026-09-04T19:14:36.870248+00:00;04/09/2026 (Sexta-feira);CSAT;0r2od7feev30q0r2oavqw1g11pkc9nym
8ef56ceb-c2c8-4833-94e4-1b94c783c452;8cf7677b-94c3-44a1-915e-53c1922d8574;QV10929;5;true;2026-09-08T13:02:41.583411+00:00;03/09/2026 (Quinta-feira);CSAT;i3055dq8qcssp3oli3055gjdvertrgql
cb37549a-fe31-4782-8f3a-1ab4b20a0815;310ccbbf-97ba-4552-8ab8-a2e230a9b33f;QV03042;4;false;2026-09-08T14:13:49.661373+00:00;09/06/2026 (Terça-feira);CSAT;ewsclrlrwwygjd6lvewsclvn09zcopz0
d6434a28-bd63-404d-8719-2f7b9c571979;310ccbbf-97ba-4552-8ab8-a2e230a9b33f;QV03042;4;false;2026-09-08T15:17:49.819161+00:00;09/06/2026 (Terça-feira);CSAT;ex3zup240ky2du9m3ex3zucuqfuovhrb
7bc1c001-f0ee-4d6b-a3a4-05cd59b52ff1;a9083bae-bfed-48f2-b373-0e3a0910c42f;QV00545;5;true;2026-09-08T17:16:53.886445+00:00;08/09/2026 (Terça-feira);CSAT;iavvi4poiu9tuzy6sviavvbwse7xd237
1316dd84-4e63-4652-b1f9-a2df83c423e0;9e11752e-e834-4817-b579-401f48c41e49;QV10909;5;true;2026-09-08T22:04:02.384732+00:00;08/09/2026 (Terça-feira);CSAT;ii4itjf3m93jd3ri8ii4i3e79a1dz9a8
7812646a-ec98-4cf9-a648-83e0f1e068f0;;;5;true;2026-09-09T21:13:09.974031+00:00;09/09/2026 (Quarta-feira);CSAT;8vapu69upq898d10nz8vapu6s587yp2z
29b74c36-0ef6-43a3-a5cd-2e9444f5f991;;;3;false;2026-09-09T22:07:46.519956+00:00;09/09/2026 (Quarta-feira);CSAT;8z0p4g3lb26ea8zmhq8z0p4gxooyzfqy
bf432a05-dc3d-44d1-afe6-b41586116a33;951cb145-5fe9-4bd0-a5f7-b5247ddf0713;QV02265;5;true;2026-09-10T13:17:51.810567+00:00;09/09/2026 (Quarta-feira);CSAT;r8ydlrfrnyw1iticr8y9qq7uh0bxrimb
4d3a9835-7b2e-4172-87f9-b5833e52a4f2;bfc96a2a-aea3-4918-9b76-51f43c8c3511;QV10824;5;true;2026-09-10T19:13:16.12341+00:00;10/09/2026 (Quinta-feira);CSAT;6irhnjhwbzx9h47jo16irhnjhqiio4ge
d79100c4-9d9c-495b-b643-57632a461cb4;f2bbc0e4-a97e-4d69-9d5d-2f3cc3f3b1ec;QV02201;5;true;2026-09-10T21:42:17.217784+00:00;09/09/2026 (Quarta-feira);CSAT;0n1qsd6b7f2gh878urdob0n1qsd1nvo9
ec6a7612-fb6b-4ad7-bf84-6d8ab69da7b6;d0671050-cb3c-4c2d-bb61-b9bda4744f0c;QV03122;5;true;2026-09-12T00:15:59.083671+00:00;09/09/2026 (Quarta-feira);CSAT;lqjl9c03iyjpzbob40fmlqjl91f48lqg
f65ebd27-94b1-4c94-8268-5865fe705806;;;5;true;2026-09-14T15:59:45.874714+00:00;14/09/2026 (Segunda-feira);CSAT;fpkqlakea39bykjtv0akwfpkqlak5pg1
54890343-29b8-49a6-acad-4d012369dc52;ba933a51-69f3-4ae1-b519-f39f9a12ed70;QV11448;5;true;2026-09-15T00:19:18.233958+00:00;14/09/2026 (Segunda-feira);CSAT;1z7a2afjhtxbp6p3f1z7a2afv275ib5q
9d205205-da32-41d7-8705-d2fe0f0d270a;;;3;false;2026-09-15T02:06:44.440818+00:00;09/09/2026 (Quarta-feira);CSAT;yty6fojo5f70g6tog7d8lyty6foznhkj
d5d5a765-56cf-406d-a031-eec6ad95029b;;;3;false;2026-09-15T12:17:16.369858+00:00;11/09/2026 (Sexta-feira);CSAT;30ml6pu906zgdvog8830ml6f5q0jlf0b
de35f7b8-1495-4ac0-8ac2-18e5636ccccb;5905c283-baeb-4dbe-8091-b30fe68f8174;QV11667;4;false;2026-09-16T02:39:51.405758+00:00;15/09/2026 (Terça-feira);CSAT;bvigqdvamuo6iircbvigxpff0q7gnmkj
e21c369d-8a85-4ac5-8ae9-bbd6055b619d;09618548-400c-458e-a572-cd7d4400b12b;QV10825;5;true;2026-09-16T16:15:24.595403+00:00;16/09/2026 (Quarta-feira);CSAT;jcruiafyiapilfq7pjcruivppgyu0fk3
618e09dd-ba7d-46c4-9de0-2e0409d9f717;cf5f2cfd-2bc6-4a8f-b3db-660aeaa4f3ec;QV12071;5;true;2026-09-16T18:31:46.273617+00:00;16/09/2026 (Quarta-feira);CSAT;ofndzdolrqbio5e187hydx1wofndzdmb
6e48eede-33f1-4d4c-a815-5821a4eb1189;5dcb5eaa-39e2-4d6f-b841-20fb5fdeea69;QV12076;5;true;2026-09-16T22:09:03.756278+00:00;16/09/2026 (Quarta-feira);CSAT;wwkmsjy9b9kxmnllon7ojlwwkmsmuo0v
f4bcbf50-3220-4022-9f3d-ef7c648bc018;eff03b74-3744-4d65-83d5-14fb98cc578a;QV02875;5;true;2026-09-16T22:50:46.575885+00:00;16/09/2026 (Quarta-feira);CSAT;tpwd5xdngp7q8kbgm2putpq547wjx88x
8659c9fe-ec5c-423c-b019-d73d845c940a;814adabf-d36a-4086-8dd1-0eb515c63fed;QV00917;5;true;2026-09-17T09:43:33.779344+00:00;16/09/2026 (Quarta-feira);CSAT;h27d55cmo6q07ewe2qvmlhh27d5m09bp
8856f5da-204c-408b-86b6-e0443dfcf17e;520d98f3-f6aa-4822-8a40-073d84c782cf;QV03219;5;true;2026-09-17T12:12:19.867493+00:00;16/09/2026 (Quarta-feira);CSAT;o5vaw7ud7ok9normo5vaw7uox446u6h9
74e5199a-8022-4c5a-8618-d78e256c4315;da8a8a32-d2e2-4e47-a5ef-8c3e7165280d;QV11617;5;true;2026-09-17T13:41:22.665039+00:00;11/09/2026 (Sexta-feira);CSAT;vdgd4rqly1hjzgvfajp9et3pddlnbp5w
5bb45e7d-5a67-42d0-8e27-6ada13ac0c4f;c39f5b2b-296b-4b11-b079-da8825e4ea85;QV10834;4;false;2026-09-17T14:20:52.086076+00:00;16/09/2026 (Quarta-feira);CSAT;tigyi6oxdiacyriqvtigyi6tf3y67mjv
d33efa28-d14d-4c75-b92d-7b1aeb1339a7;576fb0f8-6e72-4abf-8a58-058850cfb1be;QV01733;5;true;2026-09-17T15:20:28.716652+00:00;17/09/2026 (Quinta-feira);CSAT;sjjd3v79en8yfwdmnq0esjjdizgihdk5
6e452465-d4dc-4973-bcf2-53d24dc8d936;;;5;true;2026-09-17T16:45:45.852254+00:00;16/09/2026 (Quarta-feira);CSAT;v4y1upsi04hzvfsfpv4y1uef7bpmi1b7
34391b6b-00eb-48f4-9690-dfdc5f32d48b;99f8f6b8-1b0c-4afa-854d-53aae0ea24c0;QV03093;5;true;2026-09-17T17:31:49.395063+00:00;16/09/2026 (Quarta-feira);CSAT;smcglswb9v5wt45njwsmcglseh2nqd0g
78fb925a-8433-45d2-b73a-18c0ab8661d8;34c386bc-f7b0-4b09-ba21-82eae5286f63;QV03161;5;true;2026-09-17T18:39:02.759052+00:00;16/09/2026 (Quarta-feira);CSAT;5d84yp5upkrp8lp6qua5d84yp5hdbn38
cd29f0ab-af55-4db9-af14-8d633ebdd6ac;;;5;true;2026-09-17T20:09:41.953334+00:00;17/09/2026 (Quinta-feira);CSAT;ekszoltng1gu7a24eko4xpf5w43r9l2x
b0366538-7cbd-400c-a119-35b25766dca0;93c29331-0e86-44ee-a332-e8bb92a442d1;QV00923;5;true;2026-09-17T23:49:24.114095+00:00;18/09/2026 (Sexta-feira);CSAT;4bje32b1o4cd0y6qn4bje329249vx8rd
885ade7a-6c1d-45de-ab12-35ca085f55cb;53f399ae-9b9b-4bc6-8905-fddf53cbb841;QV00059;5;true;2026-09-17T23:55:50.328659+00:00;17/09/2026 (Quinta-feira);CSAT;hsy7rh2fwvsgbujhsyhyho8wivs5uqgn
4a8033cd-3308-4e33-8037-ba18c511b743;91196563-f911-42fb-b06e-ac9536e83fd2;QV02829;5;true;2026-09-18T00:09:16.540334+00:00;16/09/2026 (Quarta-feira);CSAT;yyll4xbn7nll1w8yyll4xbn5hhcjrk4v
aa9288c5-3aea-4e6d-85b5-1e731223a76c;94b0f06c-c02c-458c-b0e2-6216227cddfe;QV03232;5;true;2026-09-18T00:29:12.365223+00:00;17/09/2026 (Quinta-feira);CSAT;6777yc5b3e64gyekdsf4b6777yc5ah7x
0e1463c5-d57a-422c-8133-dc2392befd9e;34c386bc-f7b0-4b09-ba21-82eae5286f63;QV03161;5;true;2026-09-18T02:38:07.503965+00:00;16/09/2026 (Quarta-feira);CSAT;o8nuszats3syqul9v98h1o8nuszah9gn
6f580b4d-94e6-4514-a0ef-314af98519ea;5b4a3c61-d1f5-49df-af0e-b73e71de5ad5;QV11643;4;false;2026-09-18T13:43:04.280088+00:00;18/09/2026 (Sexta-feira);CSAT;r3gs3zthppjzftlbr3gs3z988egnmr4m
80a7e918-5573-428d-bc2e-954237202f31;;;5;true;2026-09-18T19:03:48.323042+00:00;18/09/2026 (Sexta-feira);CSAT;lsosh0rwp35xfax2xj1lsospotu93qiq
6cb2f49c-40b0-48a4-8ed3-2de8b9ae9120;cc4721c6-79c3-4662-91b6-3a1f665e3335;QV02650;3;false;2026-09-18T20:56:17.816509+00:00;17/09/2026 (Quinta-feira);CSAT;rzc8wbsuvv5zcdlkhyrzc8wbtt3bf5pr
ed5cbaa5-1b7d-4f04-be4e-3e31a5b98de2;0c2e38b5-5808-4cff-b1b9-11db78e26286;QV10933;5;true;2026-09-18T22:23:47.121045+00:00;18/09/2026 (Sexta-feira);CSAT;kfe32kmmdhvwkfe32kgv59pjv61fmvny
521953be-ad98-4feb-8758-dfdd97d6caa2;;;5;true;2026-09-18T23:59:23.135733+00:00;18/09/2026 (Sexta-feira);CSAT;9v1tervtjg8jywix9lh9v1terzwxpwv1
0e0b1be9-bd56-4fb1-8ec1-f02a095fdf80;;;5;true;2026-09-21T15:43:49.19007+00:00;18/09/2026 (Sexta-feira);CSAT;1sqjkytl0iqjgu81sqjkcovz577gl32n
a1cb459e-3ff7-46af-865f-1a0c0106914a;;;5;true;2026-09-21T17:33:50.892798+00:00;21/09/2026 (Segunda-feira);CSAT;9d8nhqzczr7z9d8nh5dz3linf8z5dei6
806b9949-4368-4cd0-a043-a3be4b082ae3;71ed68e3-7a62-4470-8b2a-1bd1686b82b0;QV02641;5;true;2026-09-21T17:54:43.307845+00:00;21/09/2026 (Segunda-feira);CSAT;fgzoa7m4tlswmoxnfgapfitupjd66u3i
8aa181b0-c4fb-4919-ac28-afdeeeb8f86e;321a459f-dfc7-4d59-b02c-e935c13d020b;QV00109;5;true;2026-09-21T19:58:49.8839+00:00;21/09/2026 (Segunda-feira);CSAT;t3jp68mchii5hnyds6ot357n73h5mf63
f5124af6-b41f-437c-8d3e-576521684dc2;;;5;true;2026-09-21T21:04:29.036437+00:00;17/09/2026 (Quinta-feira);CSAT;fhzzunjwv1s8yfhzg51p6ji1amsrfmx1
27ecbc49-b049-4738-9fea-b12762193a06;;;5;true;2026-09-21T21:44:02.863082+00:00;21/09/2026 (Segunda-feira);CSAT;5jjfzihc040evhk1fa5jjfzxige5epx3
f8758747-b0c0-47c5-8f8d-d1416baacfff;;;5;true;2026-09-22T09:15:33.703453+00:00;21/09/2026 (Segunda-feira);CSAT;tyicx9rbmd6ur57tyb8bdcmzg9kknmpb
d7964f8b-0d9f-4a56-8509-5d999ec6fd6d;;;5;true;2026-09-22T12:19:33.021269+00:00;21/09/2026 (Segunda-feira);CSAT;aabtyuq8vhv40902lof8saabtyivkaoc
bbd4a7e9-89b6-4b51-81f8-92f994a47302;d9867e17-0ecc-46c5-8c62-ebdac202a74f;QV02850;5;true;2026-09-22T14:18:53.379633+00:00;21/09/2026 (Segunda-feira);CSAT;8m7nwbyolwdoq67zwmh8m7nuwv2dgp51
aa6bcf88-9898-4704-bc30-52538e6f1ffa;4b2e6150-e99f-41df-9f7c-072dafc40acd;QV02814;5;true;2026-09-22T14:30:07.827696+00:00;16/09/2026 (Quarta-feira);CSAT;gmdecg1dn7wjl4yvlgmde64ijeh9s9er
ab895040-87cc-4c7b-b494-30ee265a489d;b9c0df7b-a0c1-40c7-97b1-2cb7ff637289;QV03273;5;true;2026-09-22T14:31:35.561784+00:00;22/09/2026 (Terça-feira);CSAT;3rbu16mwp1xudkkxcml3rbu1lpgn7c8u
cf6bdd44-3dea-4d73-94be-ef773f5fb1e9;bf3045db-b5bd-447e-8621-02190ce94b9d;QV03283;5;true;2026-09-22T15:16:13.511548+00:00;22/09/2026 (Terça-feira);CSAT;txf68qto8mi05ltxf6dzqbj3sh6kgd12
c13044da-4f3b-4002-9e91-ea0f0a1a22e9;;;4;false;2026-09-22T17:43:01.526697+00:00;22/09/2026 (Terça-feira);CSAT;a9f3wvnynprq6di3xpm9a9f3wx43z3oo
b65725e4-3302-462a-be8d-4f2e556341ea;5c1d75d4-7e0a-4d5e-b3b7-e7b68d2158f0;QV02071;5;true;2026-09-22T18:02:35.179753+00:00;18/09/2026 (Sexta-feira);CSAT;4xfs6d3cek5xytt4xfpwq8uc4au33gju
4db5cd80-b35b-42d1-a265-0283f89f2002;;;5;true;2026-09-22T18:17:11.704655+00:00;17/09/2026 (Quinta-feira);CSAT;9p0bwxyq66oeu1ay4mxof939p0bwxnnl
43181895-7138-406e-910e-89a56fc8e003;;;5;true;2026-09-22T19:45:48.465344+00:00;22/09/2026 (Terça-feira);CSAT;f3063nx8nj2f3063ewyf7aee4aisst0a
92eb9caa-a6ba-41ae-a14f-012a15f1a992;7c8e2265-bb56-4ea0-baba-1fc6af7d58fe;QV12070;5;true;2026-09-22T19:48:52.389102+00:00;18/09/2026 (Sexta-feira);CSAT;hpd3yfvz1dzgl07ie7hpd3y17oxciu3b
64a8d620-2627-4bdc-b0f6-4b583bb5c136;1d794b9a-bef8-40f5-84d5-c6d83ac394be;QV00332;5;true;2026-09-22T20:40:46.965671+00:00;22/09/2026 (Terça-feira);CSAT;9mfnp3d4x931bqka39mfnp6ojz9d81cj
