response_id;client_id;client_code;score;nps_class;created_at;submitted_at;tipo_de_forms;typeform_response_id
43be13df-84b7-4d34-9d29-9080d604f1b0;93c29331-0e86-44ee-a332-e8bb92a442d1;QV00923;9;promotor;2026-06-27T20:47:17.367061+00:00;2026-06-20T12:55:55+00:00;NPS;hz55byfqbchpyxh8iz7wlqeg73iclw7v
c53f1317-3dfb-4a30-893b-730941987c24;7e69403b-1cd9-4e85-8242-49088dd35092;QV01771;8;neutro;2026-06-27T20:47:17.367061+00:00;2026-06-26T12:56:47+00:00;NPS;ki2prnp4j5axj5hki27iz2d7gleykqj0
e2504eac-ba90-4533-92bf-76fbc2940134;01749103-30b7-4ac5-8acb-1fae1ae7d957;QV00200;10;promotor;2026-06-27T20:47:17.367061+00:00;2026-06-26T12:25:45+00:00;NPS;9b734i8i0x2vu2rj9b730kip5z57gk7x
ba6883a0-9b94-4a68-b80c-6bf431365810;dc3fdb2c-d61b-49ef-a60e-92db48e8d588;QV00716;10;promotor;2026-06-27T20:47:17.367061+00:00;2026-06-26T12:19:51+00:00;NPS;5vi2ydm2a8zl2m5vi2unvpsr3mr1kpnv
8e655583-1af7-4f36-ad9b-b488af90741d;ef4e1267-9cb4-475d-989c-d1dae4da8a59;QV00294;8;neutro;2026-06-27T20:47:17.367061+00:00;2026-06-26T05:46:34+00:00;NPS;drp3e74ghq627a93ridrp3e7kz3n62fq
5188afe6-0008-4133-a28c-f8267cc5af9c;bafa21ea-3573-4aa0-bfb8-cae2532a3841;QV02833;5;detrator;2026-06-27T20:47:17.367061+00:00;2026-06-25T20:08:47+00:00;NPS;75wl38xvexz3036z99n75wl3ey0atzt5
874e3c68-c78b-470c-8072-683f4ff60ac9;51cf3aeb-c935-49eb-9bf8-64ac2e5cb321;QV02828;0;detrator;2026-06-27T20:47:17.367061+00:00;2026-06-25T19:38:10+00:00;NPS;4yuui902t2z1jw2ds4yuuu3ocdwv97ni
0e19a781-5d01-4dfb-85ca-48085cba2e3a;666472e5-5243-42d7-8916-41668ec60d0c;QV02475;9;promotor;2026-06-27T20:47:17.367061+00:00;2026-06-25T16:52:29+00:00;NPS;vto80mafgyeh579gvtq4vto80mld3csi
ee295cd1-6b43-40ba-97d1-734b319b01e2;99efa1e4-a694-41af-98fb-9a9fd77d63e0;QV00710;10;promotor;2026-06-27T20:47:17.367061+00:00;2026-06-25T16:17:52+00:00;NPS;8pqqgcfu37qb08sb5dfvdp08pqqgv4x6
801b870c-632e-4550-aea8-29c64154888d;576fb0f8-6e72-4abf-8a58-058850cfb1be;QV01733;9;promotor;2026-06-27T20:47:17.367061+00:00;2026-06-25T15:40:59+00:00;NPS;8rxamy8jjj6as90qy8rxnywz4g16n5b7
34352c01-d2dd-4a1d-b184-de80de399ea2;c7648907-7574-4e7a-a0f2-e8311dc78393;QV01237;10;promotor;2026-06-27T20:47:17.367061+00:00;2026-06-25T15:03:13+00:00;NPS;e4f1p5o9jk53cgaynype4f1p5o8ywj7e
dd492378-3471-478d-81aa-d5fcca97de2d;6ce80c20-678f-40a0-bf8e-f4ab6fcbec68;QV00499;9;promotor;2026-06-27T20:47:17.367061+00:00;2026-06-25T14:35:53+00:00;NPS;z8oe1te2hcok6n9z8oe1io0vw12fqj5v
68466997-31e0-4f68-a8ef-8cf61b4b65df;933aea3f-56e2-4452-8626-f1822f96e416;QV03175;5;detrator;2026-06-27T20:47:17.367061+00:00;2026-06-25T12:08:20+00:00;NPS;mj01c18zpfmlcnppq7altmj01c18cjx2
dc4208df-ce43-4426-b09b-89193f4f1a3b;04811d6e-78c8-497a-b9f0-6eaa637bcc3b;QV00801;10;promotor;2026-06-27T20:47:17.367061+00:00;2026-06-24T14:47:20+00:00;NPS;bi51bw2fa288extgqxcdbi51bwu8i2pn
65e247e5-e7ec-44b7-9ca9-45786e8d2570;b8e2336a-b2b5-4b86-91d3-8a30a87524de;QV02690;10;promotor;2026-06-27T20:47:17.367061+00:00;2026-06-24T14:14:32+00:00;NPS;5tg44bv6rsdufxwwv5tg45zhf2xuwd4u
9d746e99-620b-4ddd-9009-33d01f162fc5;cfbb14b9-b93e-4378-9f90-a1e80b4ac63c;QV01880;10;promotor;2026-06-27T20:47:17.367061+00:00;2026-06-24T13:04:10+00:00;NPS;p2405f43adreky5wsp2405q402hr9hdx
4c7c917a-2d50-44d5-8f57-2b785c4cf6eb;74ccbe84-e3a9-468a-bf7d-00e69bf6beae;QV00045;8;neutro;2026-06-27T20:47:17.367061+00:00;2026-06-24T00:17:20+00:00;NPS;v51038yr774ms4civ510zjeqgh5u5dpf
a68e5859-cd86-45bb-ade0-bec9dc23264b;1123a713-517f-462c-8bfb-0c061c25d071;QV00931;10;promotor;2026-06-27T20:47:17.367061+00:00;2026-06-23T23:13:13+00:00;NPS;x9z58zuvporheg8pcx9z58ofwsglbr56
9b72f5c1-7e6e-4c71-a615-73c7bd088d8f;d85cb2e8-3738-44ec-84ce-4368a9469a74;QV00133;10;promotor;2026-06-27T20:47:17.367061+00:00;2026-06-23T22:21:39+00:00;NPS;a2kg3iyo775s2oplqa2kg3jpo74ifxov
85999820-441b-4d3d-9911-fd9ab1e5a2f9;58c5a13d-bd92-464f-a3aa-7ad892e43d22;QV01427;10;promotor;2026-06-27T20:47:17.367061+00:00;2026-06-23T21:19:48+00:00;NPS;jc010kkfqybukmw7kc0jc010b41fbzbq
1bec0519-fe95-4bce-8f34-50e919f84084;156ba9dd-2074-4c65-88ff-87e47f296978;QV00424;8;neutro;2026-06-27T20:47:17.367061+00:00;2026-06-18T21:19:31+00:00;NPS;7a78by0g6icojzroqgv14r7a78b75sgb
0e583c67-61d9-48ba-8c13-b4ef31255a31;b943011b-aed8-4db9-943f-cc59b7e51377;QV02445;10;promotor;2026-06-27T20:47:17.367061+00:00;2026-06-23T19:24:22+00:00;NPS;ktdwkqodiyu1s0knz6dktdwkqabbi8qn
223f8bfe-3851-407b-ba15-c4d9be12728e;7ca5fcca-273d-4b1a-acc6-aa31ff63c5c5;QV00983;9;promotor;2026-06-27T20:47:17.367061+00:00;2026-06-23T19:06:17+00:00;NPS;oggcqypvfujrptht8uoggcqyppklyp18
fc22e542-5f7a-48ee-aae1-c4c57f460c65;63ce9ef8-dccb-4e63-b687-5550e15fedea;QV00174;9;promotor;2026-06-27T20:47:17.367061+00:00;2026-06-23T18:34:52+00:00;NPS;ekphdfzpl6smghiekphd2gt3pvg30ldy
513b88e0-8c03-4af4-a729-136156cb72d6;65f6d117-5866-4a25-9884-6c5dc58d0c59;QV02932;10;promotor;2026-06-27T20:47:17.367061+00:00;2026-06-23T17:39:35+00:00;NPS;2d1sbl5xlq07pdau2vj2d1sspxkysauo
79384952-9bd5-44e9-8054-7026a9d4bc1e;6f8b4236-7cd9-4669-92a3-bc60ea33fd13;QV02665;10;promotor;2026-06-27T20:47:17.367061+00:00;2026-06-23T17:02:52+00:00;NPS;8g36nn23w3g7nyi8g36nxpw2bmzvc2si
42649452-8c26-448d-9b6b-d38b86f0cc68;39b2c6a5-1050-4f8a-a6fd-d5aa29b522a4;QV00006;9;promotor;2026-06-27T20:47:17.367061+00:00;2026-06-23T16:04:24+00:00;NPS;rup6i3gbdriz1me8m5rup6dc5iwdv2iw
591d925b-a296-44a3-b794-8211fa7395b0;1e4549ce-714f-42e3-97da-18cd3dea1347;QV01504;10;promotor;2026-06-27T20:47:17.367061+00:00;2026-06-23T15:10:14+00:00;NPS;rw1hcvbaj53g7v1bdrw1sukwkxq055qu
bda83ea7-6d13-4880-bce9-cf8c2ed909a2;d7bc9000-c87d-4fc3-ac34-5c7d713a528e;QV00102;8;neutro;2026-06-27T20:47:17.367061+00:00;2026-06-23T14:44:38+00:00;NPS;a9zjf47oie40ad39xnta9zjf47o7jixp
1cd114fe-692e-46f3-93fa-8c1bfacb77fc;4d6b0fac-b3ce-4149-9bab-fd087e04510b;QV00649;10;promotor;2026-06-27T20:47:17.367061+00:00;2026-06-23T14:41:12+00:00;NPS;q3ra7aw4fofynwe1w0fq3ra2q8i3tdeh
e2b27e1e-497d-4a67-8897-79118ab41fe9;c0846bb1-806f-4973-9fd3-48dac42cc3cf;QV00634;10;promotor;2026-06-27T20:47:17.367061+00:00;2026-06-23T14:41:44+00:00;NPS;y9pe3ufjjdzoykxvewzy9pe3vwvyovtw
e981cab5-fa33-43b0-b02d-4b6073b19979;0bd44938-8c4b-4592-bdf5-826937524379;QV02901;10;promotor;2026-06-27T20:47:17.367061+00:00;2026-06-23T13:53:48+00:00;NPS;d109xzn0yz7t2596p0yd109xnvgzeb7k
2aab588c-cf05-4f25-b2ab-d4aa80edfbd4;447fe1e5-c3ad-43a8-a240-f855fdeb5f3d;QV02895;10;promotor;2026-06-27T20:47:17.367061+00:00;2026-06-23T11:27:47+00:00;NPS;h775iml6oivt37kyinxwh775iml68tau
10cc597a-552f-43d4-ace3-752d8175f9b7;51f404fe-a33e-43e7-8303-3361247709c1;QV02033;10;promotor;2026-06-27T20:47:17.367061+00:00;2026-06-23T10:13:56+00:00;NPS;lp5dcuv41aszorzh6mccmlp5dcuv4v01
37a52192-f700-4394-bdbb-107abc072d64;8be0109d-7674-4cac-951e-5ddcbd0c6a4e;QV02130;9;promotor;2026-06-27T20:47:17.367061+00:00;2026-06-23T09:40:44+00:00;NPS;cyyf2yljp49as0wn72cyyf2u91ex4h95
7f644bab-c227-4a9a-9b0d-ca6d374465d4;91196563-f911-42fb-b06e-ac9536e83fd2;QV02829;10;promotor;2026-06-27T20:47:17.367061+00:00;2026-06-23T00:45:49+00:00;NPS;ddm0o1a6szu3063sjaqwddm0o1a6ko5j
843157c2-aba1-42aa-9d53-d0ee8c5ed668;9e1b29a3-ccd2-40b2-b926-c7b13499f048;QV00515;8;neutro;2026-06-27T20:47:17.367061+00:00;2026-06-23T01:40:28+00:00;NPS;rjpw93ry9bqar4bva8bqdeurjpw93dki
e13e7b63-1efb-45be-8697-78a66cd1c96b;05d2165b-3e90-4881-b9d2-f0b64c07c436;QV00206;10;promotor;2026-06-27T20:47:17.367061+00:00;2026-06-22T23:18:46+00:00;NPS;gkik24s9lu5gb6qo4ojxi03gkiki5rkk
afd1a3ab-cb69-4e9e-8856-049bdf4e87bf;0287eec6-60ee-4e0f-b71c-8e62179cf82e;QV02832;10;promotor;2026-06-27T20:47:17.367061+00:00;2026-06-22T22:52:20+00:00;NPS;l7od1adook7wv1bwvl7od1ueprs9kidz
31e27dfa-945b-4834-8b5c-9fc862b02188;44a7b0e8-5abe-4407-8a1a-c61c19f4072b;QV00464;1;detrator;2026-06-27T20:47:17.367061+00:00;2026-06-22T22:05:55+00:00;NPS;656rck5d2lvxwpy656r8eudulumare57
8e9d2238-9b8b-43b0-a2fd-1a9c9ac275ac;670dc1e0-b487-4f16-8462-b6251d8a4417;QV02857;10;promotor;2026-06-27T20:47:17.367061+00:00;2026-06-22T19:36:59+00:00;NPS;8efztpcynab5gbkdex248efztprhfbnv
90a7df40-6a33-4b64-9bb1-d14bb8b7e664;2c964b79-16d6-45d6-b79b-7b0b67bd45c6;QV02816;10;promotor;2026-06-27T20:47:17.367061+00:00;2026-06-22T18:41:05+00:00;NPS;7wwgnnloerpisry9olb47wwgnnlaapes
6b5d5101-082d-44be-900c-15bb41459c76;719cdfed-5c76-4547-9458-0f36f05e8e9a;QV00202;9;promotor;2026-06-27T20:47:17.367061+00:00;2026-06-22T17:53:05+00:00;NPS;fkprhrhcsc3fhasx66g1iffkprhrhc6t
2b8bce35-41bb-444e-bef6-00b8bc05f423;c627b36d-6d93-4fd0-9b1a-2ef18723dbf0;QV00971;10;promotor;2026-06-27T20:47:17.367061+00:00;2026-06-22T16:55:58+00:00;NPS;szcennr3k422f5hm4ftzszcennrjdwfj
15724a20-4817-4583-8799-5aeefe8c352c;0df863fd-90c2-4403-93cd-3cc41dd89f08;QV00127;3;detrator;2026-06-27T20:47:17.367061+00:00;2026-06-22T16:41:33+00:00;NPS;ytv9q7craabhy4kt16cytv9q5yum9z01
966e143e-660d-4f3e-805b-0b44791f5fbd;042b6243-ec95-4d85-bac8-b8892be1e1ce;QV00375;10;promotor;2026-06-27T20:47:17.367061+00:00;2026-06-22T16:22:39+00:00;NPS;zitfgzl1a9frh7lqzitfgn63ia78mdqi
309c4a2b-8804-4701-9891-a8ae96f8e385;4a95815e-4f62-49c4-803c-646644c0891f;QV00965;9;promotor;2026-06-27T20:47:17.367061+00:00;2026-06-22T16:13:33+00:00;NPSAgradecemos muito pela sua colaboração!;08h23aj0i3cnfvwk08m9knjhq6lqebqq
48b41506-798c-4c39-87e6-2d73091081ae;2da6cbad-286b-4846-8837-c353345d224b;QV00096;8;neutro;2026-06-27T20:47:17.367061+00:00;2026-06-22T16:11:11+00:00;NPS;gi0fpvqblc3ibjs2ufgi0f4qizv0nssl
21fc50a0-ba39-4f7b-ac2b-8c05d81d681b;9cae6388-a687-4834-97fc-d1ee7e855f38;QV00331;8;neutro;2026-06-27T20:47:17.367061+00:00;2026-06-22T15:51:32+00:00;NPS;a16w9vba0qn4ctl5yagbla16w9vk3mzd
8d59da41-50a0-4135-9677-0a3609e736c0;61a4b22a-5f4c-4637-9792-4066a00763e4;QV00035;10;promotor;2026-06-27T20:47:17.367061+00:00;2026-06-22T15:47:25+00:00;NPS;exj4qefw9ruz3oexj7j3lmwupgib0uix
a1913cb8-cbae-4abc-a74b-a3bda9195d61;f3a82ed9-13fa-477f-8b34-3a7224d6e39d;QV00207;10;promotor;2026-06-27T20:47:17.367061+00:00;2026-06-22T15:40:33+00:00;NPS;cxsu9pp4ln2ithaesdq0lj57ecxsu9pp
9f772da3-c506-4971-8903-711c3455b240;0f9a6f3e-dedb-4f13-bb03-7fcdab528522;QV00091;9;promotor;2026-06-27T20:47:17.367061+00:00;2026-06-22T15:41:25+00:00;NPS;157pef1iyywckf157pem0a9cjeph9424
3db4c7ea-7682-4051-a717-5979609ac8e1;e4ef5eac-3581-482e-bed3-a89e1486d5df;QV02818;9;promotor;2026-06-27T20:47:17.367061+00:00;2026-06-22T15:06:33+00:00;NPS;y8gjf38sgytwlgq7z53y8gjf3oowhj89
1d4a0999-ca73-4ef4-85fa-f5cca28738f0;8df2a28f-7c30-425b-94b8-12b137361dd9;QV02809;10;promotor;2026-06-27T20:47:17.367061+00:00;2026-06-22T14:35:48+00:00;NPS;ion90fk2fujjw3fuion9050zo2iqg8cy
c3ed3212-4c06-460f-bcc4-49239dbfd20b;11316935-c4a8-4169-a65e-f5d70b27674b;QV02973;9;promotor;2026-06-27T20:47:17.367061+00:00;2026-06-22T17:17:00+00:00;NPS;94o7o73bcyr7g9394o7onervcamju38u
81ee3e0f-c3b1-49ef-9581-5f0f377d0967;e9c07a6d-f7ef-4733-8daf-23792e57ea63;QV02949;1;detrator;2026-06-27T20:47:17.367061+00:00;2026-06-22T13:40:46+00:00;NPS;mvesodflypjmbgdnmvesos1odu7mintn
97094761-9b7b-4cdc-9c58-e1ace20c3313;d7d5bf94-1ee4-4733-b625-6263cf13ef96;QV02915;9;promotor;2026-06-27T20:47:17.367061+00:00;2026-06-22T12:54:10+00:00;NPS;l6g9vuuw3s78l6g9t68u4mup3aulytst
4455e430-77ee-4977-a1c6-f26602ceec1a;e86094b8-dba8-4219-9e99-fe1389642ad2;QV00797;10;promotor;2026-06-27T20:47:17.367061+00:00;2026-06-22T12:47:25+00:00;NPS;l8ofitwp2dkwox2wl82nixu1y5pot74t
6a294bbb-9ac3-4f88-b228-b373e36d04a4;3bd0cfaa-a3b9-491b-8bc1-2e1eee2250a5;QV02855;0;detrator;2026-06-27T20:47:17.367061+00:00;2026-06-22T12:42:27+00:00;NPS;75m0hgd15cd4975m0h98porquufhmpix
8a26c088-558a-49b5-9300-83778773741e;63d2b712-0830-441d-b1dd-885743b0435f;QV01976;10;promotor;2026-06-27T20:47:17.367061+00:00;2026-06-22T12:11:54+00:00;NPS;iot2tpvll4vl42dv0d9siot2t3ijukdm
0ef7e917-65d6-4860-9863-98e58c61d9dc;308936d0-946c-4c46-9331-ef81406f7b0a;QV02945;10;promotor;2026-06-27T20:47:17.367061+00:00;2026-06-21T20:44:02+00:00;NPS;dbj60ndj2lhiajrjzdbj60mcsokbviau
a804794f-6609-4be3-b763-cc29cf50a4fa;5c3acabe-70f8-4bd6-a124-6b083be7abe2;QV02564;10;promotor;2026-06-27T20:47:17.367061+00:00;2026-06-21T16:14:37+00:00;NPS;rfeyiigrwton9shjz33nnrfeyiigw43f
2c8cfb85-b255-4d1a-bfc1-c1dba70a0e61;e61530fe-83ed-4ecd-8a38-1635207941a4;QV00655;10;promotor;2026-06-27T20:47:17.367061+00:00;2026-06-20T16:12:33+00:00;NPS;9f9tfhgryzr3ydyt7g9f9t0z5suednf3
38731a54-28ad-4393-84ff-eddf56e6430d;93697a4d-563f-480f-b7d8-dfb32cfec9a5;QV00055;10;promotor;2026-06-27T20:47:17.367061+00:00;2026-06-20T16:02:57+00:00;NPS;08eczr2wg34kqdwuhaxe08eczop5dvtf
89d0ed2f-412d-495a-ac59-b937e2fb28e0;b835dc0e-f940-4d0d-9dc4-534be2554265;QV00767;9;promotor;2026-06-27T20:47:17.367061+00:00;2026-06-20T11:49:14+00:00;NPS;jmej4h14toz0q1vztjmej4hbhyavh9kv
5ce8e1d2-5240-4be0-a482-cb1df7da272e;645b24c6-7a81-4ec5-80a2-0055c29a2bad;QV00614;10;promotor;2026-06-27T20:47:17.367061+00:00;2026-06-19T18:26:16+00:00;NPS;gydk914gyvkwm0udhagydk91c2t7x6xx
62f590e1-c373-4882-a9d9-0e96119da476;54aae3a0-3ac9-40d6-920e-4daecd2dd259;QV02983;10;promotor;2026-06-27T20:47:17.367061+00:00;2026-06-19T15:41:46+00:00;NPS;28ly6dg7lki0pcvage28l0rqlyxo1dwi
5226cced-a211-4c8b-aac2-496d6d6964c5;00df8ea6-d066-46b9-9015-da27406f8666;QV02952;7;neutro;2026-06-27T20:47:17.367061+00:00;2026-06-19T15:38:35+00:00;NPS;oz1by0bwef1a1gv5cmgnvoz1by0bw5cb
30c349cc-3109-4968-80b5-00f155fec06e;9997e796-7d06-4416-b88e-124798932ba3;QV02088;10;promotor;2026-06-27T20:47:17.367061+00:00;2026-06-16T21:18:55+00:00;NPS;v235ocuulnram9406v235bs9vdk1qy2g
aa7e8e91-f62d-4d7c-ba3f-81638a114b67;ad1116ed-26e2-4c62-93f1-4d66865c9144;QV02836;7;neutro;2026-06-27T20:47:17.367061+00:00;2026-06-19T13:56:03+00:00;NPS;dw1iqmvj6srtaris8dw1ijm6vlj9hxp2
201672b5-2ac4-4104-bf84-e50c791f9716;15f15983-b8be-404a-9f79-d2bdaf152ad0;QV02750;6;detrator;2026-06-27T20:47:17.367061+00:00;2026-06-19T12:49:35+00:00;NPS;rvxgmhd7n55z6b8l1qkrxspvrvxgmhd2
68f48ca5-93e5-492b-8963-8e7adffd33de;84e23c84-be25-46c9-8454-8d83285a7fbd;QV00665;10;promotor;2026-06-27T20:47:17.367061+00:00;2026-06-19T12:34:55+00:00;NPS;sp6wg7w238bvspcdkmc4pto7uz5btgcd
10d5de30-fdd7-443e-9cb6-8a828409714d;ca8d5108-8d5a-4e08-aed2-52a00f1f3c36;QV00540;10;promotor;2026-06-27T20:47:17.367061+00:00;2026-06-19T12:03:59+00:00;NPS;w0cg37fij7n121j4vw0cg754m8ggntes
a77819f2-ae3f-4b9b-ba17-b14e23cefef1;29aba2d2-4dd0-4d98-ba27-4f488ff5177d;QV00210;8;neutro;2026-06-27T20:47:17.367061+00:00;2026-06-19T03:18:37+00:00;NPS;d177w07burf8kqdwv6d177w0w8sxomni
d5bdabc7-97e0-4dc5-8eb7-b0a2af2f99cc;bd42e0dd-a59e-4d56-b4f7-468fcc3dbdd2;QV00420;7;neutro;2026-06-27T20:47:17.367061+00:00;2026-06-19T00:46:13+00:00;NPS;2xg615rwzi2tz493t592xg6158z8ydro
0212c756-0a95-4b72-8cc0-2639a6b68396;3860cdfa-aa8b-4904-90ca-37e67d03dbd5;QV00031;10;promotor;2026-06-27T20:47:17.367061+00:00;2026-06-18T23:46:09+00:00;NPS;ztowmmquralvbm5rlsqztowmmqm32zzm
d5d4e735-50a1-440a-ae83-67f3185c80d5;aebc696a-4d7a-48da-86b0-8b2167a25e0e;QV00002;10;promotor;2026-06-27T20:47:17.367061+00:00;2026-06-18T22:19:04+00:00;NPS;io4zjqkpxujf245qb1zio4zf53g0j2ck
9165fe59-2934-49ca-ba1f-b0adfff2c157;71946fad-5b93-40f7-8dff-6f50d54c4700;QV00039;10;promotor;2026-06-27T20:47:17.367061+00:00;2026-06-18T21:50:52+00:00;NPS;gg3hmpnkq5gxxaqfmgg3hmpxzvma2s8a
e4419c60-b376-44a1-94a9-bbbb82c4bfc5;434fb7ea-fd24-4aa1-97e0-2b8337d09632;QV02930;10;promotor;2026-06-27T20:47:17.367061+00:00;2026-06-18T21:49:49+00:00;NPS;rbjecniucdzn8zisrbjec04dyvirkxct
146ee17a-8713-4aab-928b-f4cb83e9eb5f;6dcd82ce-97f3-4b25-9784-2104ad4ffc8e;QV00105;10;promotor;2026-06-27T20:47:17.367061+00:00;2026-06-18T21:35:00+00:00;NPS;o4hbdfsxbrfis8ma9o4hbdl5vy96nfol
913acd4f-e56b-41ee-ba25-d912b88ce8a8;3e9d3fd2-a19a-4a1b-b199-c294197ad555;QV02186;8;neutro;2026-06-27T20:47:17.367061+00:00;2026-06-18T21:18:57+00:00;NPS;ztmlfrs6eosfgjc9sd1oztmlfrt6v7mn
41d6fa70-c871-4905-862d-6ba6c7ace13d;1acf6f92-5a39-4c15-8c6e-609185f22fb2;QV02839;10;promotor;2026-06-27T20:47:17.367061+00:00;2026-06-18T21:21:05+00:00;NPS;9di9rf38sbfr9olbi99di9ru3n65x2vr
28efc9b7-1203-40bf-83d9-493e0a403033;7bc4296a-2e6a-4a86-a552-540813f1ce0b;QV02807;10;promotor;2026-06-27T20:47:17.367061+00:00;2026-06-18T20:51:56+00:00;NPS;hzh4g8hjn9o2lsf74jp1hzh4g8waaafj
a36f0cb1-4711-49e6-8912-0f19e6d032d0;f3984645-e282-472d-bfaa-4560aae31d26;QV00159;9;promotor;2026-06-27T20:47:17.367061+00:00;2026-06-18T20:02:52+00:00;NPS;bbp1mpdoqj4evt23rbwbbp1m6bwa5lor
71a7cbb5-8266-41c2-8611-111ad00b9f06;eb37b41e-2a75-4122-b5ac-7eade4455d55;QV02889;10;promotor;2026-06-27T20:47:17.367061+00:00;2026-06-18T19:31:39+00:00;NPS;j26jr3txhh78a9qv2ctj26jr3bqbsebv
49d3f2d6-33d0-4fce-a7a4-5bb7a83b3544;f065410f-7445-4eae-9a72-cb192c2d0100;QV00683;10;promotor;2026-06-27T20:47:17.367061+00:00;2026-06-18T18:14:49+00:00;NPS;w3j0ovpd2oqtbn1tq4xxw3j0ovi9b6y9
0c777b06-42d7-4861-9056-483160acf6dc;42178ab8-6cd2-4bc7-a79f-bef575c61ac6;QV00535;3;detrator;2026-06-27T20:47:17.367061+00:00;2026-06-18T15:50:17+00:00;NPS;la74hfbf7kii1ov71la7qyhbfqovfr3b
aa100118-be7d-4cf7-841d-16455192ac40;acde9d73-12ba-41a2-b9a1-cb85ccecde65;QV01854;10;promotor;2026-06-27T20:47:17.367061+00:00;2026-06-18T15:59:43+00:00;NPS;k8qm0zaixhdkmouy0ck8qm0y7fi2htt9
43fe6d79-737a-4338-82be-b975b3e98a1e;40240fa4-1a2c-45dd-b81a-8975cf384b5f;QV01692;10;promotor;2026-06-27T20:47:17.367061+00:00;2026-06-18T15:40:22+00:00;NPS;h2fp2euduw4u4w8h2fogwah738syv3y3
248640f4-0864-4c64-bf2c-ebca2eda860b;debd8b51-9dfc-41b7-8620-c68367c9fc8b;QV00277;9;promotor;2026-06-27T20:47:17.367061+00:00;2026-06-18T14:43:38+00:00;NPS;bbyskawb8yixat8dh1vjbbyskaw7ah84
791d5e04-4b31-480d-9512-c20e339daf1f;39d39ce5-8148-47ec-b82d-21e40b27c1e4;QV00448;7;neutro;2026-06-27T20:47:17.367061+00:00;2026-06-18T14:08:05+00:00;NPS;t7ob02uuczncd7c8bt729gb4phuoi02s
ad007bd6-7769-4886-89da-2feb1b5f35c6;918028dc-6c28-43a7-a533-4c7562ac50e0;QV00585;10;promotor;2026-06-27T20:47:17.367061+00:00;2026-06-18T13:32:26+00:00;NPS;7oh12xcahv5670ds7ohhur7mt39jurc0
41ec9c3e-f953-499d-8ebf-7f6b27747141;d5999b9a-e05d-4f68-9547-32c63c1a547b;QV00738;10;promotor;2026-06-27T20:47:17.367061+00:00;2026-06-17T19:49:55+00:00;NPS;pe17mi4vzjiw2apu5viyfpe17migvntz
cc269b91-d608-4ec1-8d42-4c3665670efe;38d9bc90-879a-4c99-a926-179dd8ade146;QV00530;0;detrator;2026-06-27T20:47:17.367061+00:00;2026-06-18T13:19:24+00:00;NPS;3g617yfxinoalc18lf3g617yfpwylyti
7ce78450-4b5e-44a5-a16f-9eb474932bb3;5839bceb-7d97-4386-9cd8-a285bce5a0c3;QV02934;9;promotor;2026-06-27T20:47:17.367061+00:00;2026-06-18T11:29:43+00:00;NPS;ahhvxne6caj1wm97ahhvxj409rrre3jw
ad9b659b-2f89-4cd1-ace9-d9b2367b3187;9da6eb1c-b081-42ce-8ffb-5eac2fc090b8;QV02894;1;detrator;2026-06-27T20:47:17.367061+00:00;2026-06-18T09:48:50+00:00;NPS;lunzc4xgqdguc2l8d32rlunzcmaulgqr
60602354-1638-4bf7-b36a-8cebdd1b6db8;1150a15a-9f5e-48bd-8610-b500cc50cf5a;QV01612;10;promotor;2026-06-27T20:47:17.367061+00:00;2026-06-18T01:03:44+00:00;NPS;gpngjqcicxkoa8gbib1ogpngdk76tsuq
d5abe867-1c00-4e29-a657-3035d11547d8;0a578d16-7f13-49dd-8b06-a2ffd8f53bcf;QV00760;10;promotor;2026-06-27T20:47:17.367061+00:00;2026-06-18T00:48:40+00:00;NPS;3ai0c0vpmvb98qb4krqy3ai0c0dhrud0
a3a50b6a-10a2-404e-b5df-bfcc8bd28cf3;016e4182-664b-4fda-989e-2d2759d872ff;QV01442;10;promotor;2026-06-27T20:47:17.367061+00:00;2026-06-18T00:29:16+00:00;NPS;1n8blzorqmhi04icgjb1n8blzo34u7u1
509d823e-00c0-4f17-9633-ef75e7fee0e4;bd06e8af-e354-4967-b9c0-3bc76ac8d861;QV01715;10;promotor;2026-06-27T20:47:17.367061+00:00;2026-06-17T23:42:44+00:00;NPS;ypjuwwuor39kjrz31qpypjuwwuibz14t
87db9fdd-dd7b-46b9-959c-7d99a489dd1e;a9083bae-bfed-48f2-b373-0e3a0910c42f;QV00545;10;promotor;2026-06-27T20:47:17.367061+00:00;2026-06-17T23:47:14+00:00;NPS;y6myexx7u46dsz7z2srxn1y6myexbjgd
f1be39bd-cc4a-4784-8f7f-ecd7d308cea2;52db4174-4328-4c6e-9239-f9929d99604f;QV02870;10;promotor;2026-06-27T20:47:17.367061+00:00;2026-06-17T20:45:36+00:00;NPS;k4hwp3z6hj1drk1wlk4hwn7raohk5sph
c48c2c68-5254-4ecc-aa8b-e189a6414bed;4cfa5659-fc10-4ae1-8f84-e615c20957f8;QV02811;10;promotor;2026-06-27T20:47:17.367061+00:00;2026-06-17T20:00:03+00:00;NPS;0uex4ww1g6y0j27abkl0uex4wwop8rol
b77607d4-4955-4466-a890-1d9150ebe53e;15431875-3591-4933-85de-ea80e41ef006;QV00507;5;detrator;2026-06-27T20:47:17.367061+00:00;2026-06-17T19:35:46+00:00;NPS;k4lneinb4l4uwm5rk4lnq4nr74so2xh8
ede31a5e-c59c-475f-9bbe-494595084174;a6e7e0ab-b8fc-43be-9c3b-f8bf227f5683;QV00449;9;promotor;2026-06-27T20:47:17.367061+00:00;2026-06-17T19:31:47+00:00;NPS;abvy3i69qvw9hunit3iabvy3i6h60kv2
7d84a252-d4ee-4be4-824c-3f16df97f01d;c2a2b066-7002-4a60-8af3-7f4f724c9dd7;QV00251;4;detrator;2026-06-27T20:47:17.367061+00:00;2026-06-17T19:30:21+00:00;NPS;ynz7nl1s8orks59ynzp4ckrh1q9kasz8
01c42456-214c-48f1-8252-06c32a246100;91603c15-3c12-47d1-93bb-2dd22fe7176e;QV01331;10;promotor;2026-06-27T20:47:17.367061+00:00;2026-06-17T17:49:37+00:00;NPS;v6lolmrqtnii2ba34kcv6l3ixkxqgc0g
3c9024b1-38f1-4b14-9476-02951689b76a;a7efc478-0f39-40fb-b567-04c459a141df;QV02793;7;neutro;2026-06-27T20:47:17.367061+00:00;2026-06-17T17:20:22+00:00;NPS;j48j9oawqesicih88h2j48j9o3eozz5m
ca580fd4-e2ab-4b08-a6fd-93ec39673409;302362a5-f038-4bb3-b011-b69c9371533e;QV01496;10;promotor;2026-06-27T20:47:17.367061+00:00;2026-06-17T17:15:46+00:00;NPS;ss2dujrrr3xkatgyss2dujyo5d3sljvh
172c6dc6-9d93-4bdd-a4a3-f4a8cdebfa7f;c7b6ff1a-9ceb-4587-885d-68904d0803cb;QV00617;10;promotor;2026-06-27T20:47:17.367061+00:00;2026-06-17T16:40:37+00:00;NPS;wq0au8xwrhes51qijwq0au808pavwt6x
e2861545-7e01-45af-8f20-becb1afa4a00;6203fb91-e3f6-4395-ad78-490fc8b5d7de;QV02947;10;promotor;2026-06-27T20:47:17.367061+00:00;2026-06-17T22:09:44+00:00;NPS;0gcp6fgtqifvht2rrn30gcp6fdvvzsfn
03971d17-a326-49fd-bd5b-76e7202ef618;cd70e186-6d38-4248-84c5-d5a6f351d4de;QV02987;10;promotor;2026-06-27T20:47:17.367061+00:00;2026-06-17T15:44:58+00:00;NPS;vrxwrqegtsrpwdjblvrxwrqycf13uihx
25a8ae6d-60f2-4559-b91c-1e278ad92877;cbb09924-ca18-4b39-b497-6723364234a4;QV00592;9;promotor;2026-06-27T20:47:17.367061+00:00;2026-06-17T15:24:35+00:00;NPS;fa2xl8uz1icsxzvq6mefa2xl8ulestpk
61028fca-2232-4191-98fc-377a2cc65e6a;e53d5758-20a3-4f54-b295-4b335116c3a5;QV00859;10;promotor;2026-06-27T20:47:17.367061+00:00;2026-06-17T14:57:57+00:00;NPS;xo6elacui7nrxoaoxo6e4rr0sr54zo04
14f0a06a-e16c-47d6-b182-5220f26ca54c;b1c942a3-c982-4239-b7fd-9fef55597b82;QV00387;5;detrator;2026-06-27T20:47:17.367061+00:00;2026-06-17T13:21:21+00:00;NPS;fbb0zhydo73h9pvc3fbb0fmft5nwxh9o
eeb2b9b7-cdb0-4c6a-b55a-3c86a6ee94a8;9a500cc7-b149-45ad-91e9-db31e700d4e9;QV02845;9;promotor;2026-06-27T20:47:17.367061+00:00;2026-06-17T12:32:27+00:00;NPS;p0w1mbfzif3eiwfxyup0w1m2qurffl4u
8fff0e63-7cf1-4ba9-aa93-ab3c6b1c02e0;fa782f0a-5f96-4456-b3f5-05a4449e8176;QV02831;8;neutro;2026-06-27T20:47:17.367061+00:00;2026-06-17T12:22:43+00:00;NPS;kon57kytgu5r3lins24xikon57kjwhhm
4e8835bc-16b6-43f8-aa07-c0cd67dc6c40;2dfeb3d2-2c1c-4398-976a-ad18716edc69;QV02812;8;neutro;2026-06-27T20:47:17.367061+00:00;2026-06-17T10:24:02+00:00;NPS;90b409v2bwcplz90b993b3qvhoznsg6g
3b59ca50-947b-479f-81eb-856cb7792283;0899e909-4949-4cfc-9f76-6ebb2bf62a81;QV01441;10;promotor;2026-06-27T20:47:17.367061+00:00;2026-06-17T10:05:10+00:00;NPS;e3vub175b5j8g2wmue3vub18bsa060nl
d308a963-5a61-4718-bd04-4a5a04408291;38e29943-c013-44f3-aaa5-b3bc01d2f490;QV00590;10;promotor;2026-06-27T20:47:17.367061+00:00;2026-06-17T08:27:57+00:00;NPS;izf7jxqs7ir5jp1simmameizf7jxqs7i
e543a0db-2e72-41d7-8abb-f0b39d946331;971b37db-fa59-406d-8877-15e8840545d4;QV01412;10;promotor;2026-06-27T20:47:17.367061+00:00;2026-06-17T01:07:01+00:00;NPS;hjk1oqaa1weghdthjk1oqct7y2k20a2l
c2d27bd8-95ff-481a-8de5-2c456d020378;68a3d73e-4b6a-434a-a4ae-29cea9a73752;QV00071;10;promotor;2026-06-27T20:47:17.367061+00:00;2026-06-17T00:50:19+00:00;NPS;kjh6gyp6smg2jth5wkjh6gysfvi5g0s1
716d6fd8-b0ec-411b-b761-5c6dace95457;9ea9fcc7-8260-44e0-a66f-36c1fcf033b1;QV00418;6;detrator;2026-06-27T20:47:17.367061+00:00;2026-06-17T00:51:01+00:00;NPS;cxqifexc84p7v190vtcxqifw7tyy1btu
20e5a3e7-05eb-44c1-9f8f-698c6dd5b9fe;48195d7e-976d-4aca-9488-293da65539c3;QV00052;2;detrator;2026-06-27T20:47:17.367061+00:00;2026-06-16T22:57:16+00:00;NPS;o94xqk2i96gre7lpwo94xq2sam1agmxz
68bd5405-2a28-45bf-a136-53a7ebbbd47c;7472ea7f-64ac-41bf-9617-2e0a601aff83;QV02262;7;neutro;2026-06-27T20:47:17.367061+00:00;2026-06-16T23:08:08+00:00;NPS;2s1hmw2fyuc8u2cu117h2s1hv4edkrdh
73173fa2-ddd5-4158-b1fd-2f49e1c8a14f;016e4182-664b-4fda-989e-2d2759d872ff;QV01442;10;promotor;2026-06-27T20:47:17.367061+00:00;2026-06-16T21:42:38+00:00;NPS;ry3kf0w60y4eek67oar7ry3kfer91t1h
4fb3e61f-2018-43af-b6bf-3ae609f21490;714d5cbc-fd27-442c-87d1-e92c7c39ab19;QV00630;10;promotor;2026-06-27T20:47:17.367061+00:00;2026-06-16T21:40:12+00:00;NPS;ddkfb366s79evis2oa1ddkfb36nz9je2
47dfeb56-03d0-4fef-8d19-40d3a9fa25d7;53f399ae-9b9b-4bc6-8905-fddf53cbb841;QV00059;10;promotor;2026-06-27T20:47:17.367061+00:00;2026-06-16T20:50:36+00:00;NPS;vbx3ww6hoh80ui8bqdvbx3wwk7prsi3r
c895b86c-65ad-454e-be82-70606fc0e7e8;4c63674b-219a-4317-9dfa-3da09c12944f;QV02799;10;promotor;2026-06-27T20:47:17.367061+00:00;2026-06-16T20:25:25+00:00;NPS;5k4713sswhfqqky5k470eny5ewg2av9x
f146e0e5-e8b6-4d4b-acee-89f6e1202e10;951cb145-5fe9-4bd0-a5f7-b5247ddf0713;QV02265;9;promotor;2026-06-27T20:47:17.367061+00:00;2026-06-16T20:28:52+00:00;NPS;mn77hfzonwmayyosmn7706wakgtdp7gi
ee2942c1-955b-4b06-8667-bb7d59d27c81;c22b7d56-af89-4188-8ea1-c8aea9417a75;QV02897;0;detrator;2026-06-27T20:47:17.367061+00:00;2026-06-16T20:11:58+00:00;NPS;iu4wh92kojzjhfv2iu4ed6sxk8bq0pib
b6980bfb-3491-463f-a6d9-61690d63ce81;bc9a6a60-edc1-4995-b045-46dd4ba96482;QV00523;4;detrator;2026-06-27T20:47:17.367061+00:00;2026-06-16T20:02:48+00:00;NPS;7ml05581zcgkl2dw07ml021g33e3a6th
60734feb-34c8-4904-a325-c1e02eb9a764;9605527b-5ed7-432e-9619-b7d55ef608a5;QV02806;10;promotor;2026-06-27T20:47:17.367061+00:00;2026-06-16T19:56:12+00:00;NPS;d2kgwc5toh7wa4zpld2kgdvvtealw0vc
d7d32d78-9142-4355-9fcd-4d95384ca406;456942ad-d594-4187-a670-b7f874204fa7;QV00349;10;promotor;2026-06-27T20:47:17.367061+00:00;2026-06-16T19:43:59+00:00;NPS;psqhi1dq84vr8b9k8tppsqhi13m4a2bg
54833164-cb67-4480-a0b2-4159175e271a;6348c9b2-ccdf-4549-96f9-016ecff25a37;QV02887;9;promotor;2026-06-27T20:47:17.367061+00:00;2026-06-16T19:37:22+00:00;NPS;138uqljfgudr1w138uaf5y215cd5st04
de964d27-fa62-4f99-805c-65ae741b24a9;8a5ebfee-5dcd-4ba0-acc8-0deb70ede3a6;QV02898;10;promotor;2026-06-27T20:47:17.367061+00:00;2026-06-16T19:16:57+00:00;NPS;h8mxwtgfixmv7nh8mv24pejx27dsf4h7
aedc9f47-4846-4fea-bad2-44dd8b9ca813;660032f0-f309-422d-8aee-b62d0f1329c1;QV00068;10;promotor;2026-06-27T20:47:17.367061+00:00;2026-06-16T19:06:58+00:00;NPS;mtlyd03mc51ocltm1hepmtlyd5nfhbkz
058a13a9-0284-4c39-baf7-cc995b2c8262;535220df-04c5-4b91-ba66-56c820a54cb9;QV01873;10;promotor;2026-06-27T20:47:17.367061+00:00;2026-06-16T18:54:11+00:00;NPS;844s1spvq2szyemahv1sqv844s1sp88b
b903f027-e0c8-474f-865a-e4bb903c67d6;f53decbd-a8df-4269-9a6b-24290231dcfc;QV00433;10;promotor;2026-06-27T20:47:17.367061+00:00;2026-06-16T18:42:24+00:00;NPS;95pi98sxjfcfxb95pitox09chivj8s3w
9ba08726-aa9b-460e-ae3b-fe93f8f95149;a042bbf0-980d-4b65-8126-0d2164374829;QV02891;8;neutro;2026-06-27T20:47:17.367061+00:00;2026-06-16T18:24:43+00:00;NPS;09r4k1bgamt33sz9xttp09r4kgqhtlgo
9d3cca82-a3dc-4bec-93ae-460d40b9fe61;29f7a69f-c4a7-40d3-9fd5-77edb6af1d74;QV02896;10;promotor;2026-06-27T20:47:17.367061+00:00;2026-06-16T18:18:27+00:00;NPS;247vq1qoaqfus247vqcvwdralqwr0wv1
3dd327aa-07d0-4beb-b0db-b7857b630980;4b2e6150-e99f-41df-9f7c-072dafc40acd;QV02814;10;promotor;2026-06-27T20:47:17.367061+00:00;2026-06-16T17:36:18+00:00;NPS;palqzo5jgpksavk8vpal6arbtemyvlpe
7be09493-c46f-4c7c-a87e-36c1177b6882;09ed4608-b617-40ce-b43a-88b99043e3b3;QV01405;10;promotor;2026-06-27T20:47:17.367061+00:00;2026-06-16T17:36:24+00:00;NPS;ugd4f0r6gxcd7d8dvugd4f0r68pmi1nl
7af7e018-f887-4c20-9713-6cc9bebaa17e;8a621649-ced3-423e-bba6-3ead2ea17e40;QV00526;8;neutro;2026-06-27T20:47:17.367061+00:00;2026-06-16T17:25:04+00:00;NPS;0njl37t25i9a964ywbb0njcpjuhh3nns
e97ecaf0-65ff-4adf-a323-bef34292af8e;aff99a4f-444a-4b49-b3eb-14f7e8d8d62b;QV00461;10;promotor;2026-06-27T20:47:17.367061+00:00;2026-06-16T17:41:02+00:00;NPS;jorvad4zr3slnjobdhbzbwyq4ufe60bd
98f2b234-728c-4f6b-a755-23cc73c4caf6;1b5737cf-9f06-48ef-aeb7-533921707e0f;QV00427;7;neutro;2026-06-27T20:47:17.367061+00:00;2026-06-16T14:46:53+00:00;NPS;y637d26qezblekpbcoo94ay637d2g12s
f7f4f297-7c8b-4b4c-a6bf-7d0b2c5ce45d;eedd4b83-8924-49b4-bbb3-a4ab8f2a2078;QV00282;10;promotor;2026-06-27T20:47:17.367061+00:00;2026-06-16T13:44:49+00:00;NPS;3axg6gcjt83axxqsj5opekc88gxqsj53
5ed56aac-04dc-4f72-b96d-02cd8298f7af;11151df2-cae1-4972-94ec-c50ecf79c2ca;QV00350;0;detrator;2026-06-27T20:47:17.367061+00:00;2026-06-16T13:36:55+00:00;NPS;x5j315bq9flpduc8zyfx5j3uvbkfdml4
8ac75e18-373e-4321-a2cb-8d73bdc0245b;57fd07f9-1477-4139-97c9-dd2523ca1a99;QV02916;8;neutro;2026-06-27T20:47:17.367061+00:00;2026-06-26T22:27:39+00:00;NPS;k7kx1fugiye86dfk7kx148j93u15xt9y
7aa7519a-e7c9-4320-9270-d92613da7682;03ed7e77-4e5b-4309-9330-dd8d8b112db8;QV02950;10;promotor;2026-06-28T17:43:19.179793+00:00;2026-06-28T17:43:18+00:00;NPS;lsz8wr5tdiqvlv99agalsz8t9qlz09kj
c51c39cc-d8bd-41e5-9132-cbdc53a25cc0;2d4af4f9-e0d1-4fad-a743-d71195781eca;QV01651;9;promotor;2026-06-29T13:56:43.892543+00:00;2026-06-29T13:56:42+00:00;NPS;qlwus4kkihj6vqlwu9zqjhuy66dz8n7d
88eb8ba0-2ea8-4faa-9b5f-f5169a6f2cfb;2d61ac55-3d59-4c65-abd9-fadbd4abbc5e;QV00624;10;promotor;2026-06-29T14:27:01.449345+00:00;2026-06-29T14:27:00+00:00;NPS;gen4aw0u4vyn1n9cbgen4aw0yq6kw97j
b59193b3-0606-4db8-9720-442de260f2da;74487388-4d09-487f-9a00-e5254b644f50;QV02692;9;promotor;2026-06-29T14:49:30.116019+00:00;2026-06-29T14:49:29+00:00;NPS;kurkkvybatgfkurkk8d0kzlbtja1ieto
0462bb3b-d30f-4087-8140-1070e030e0e3;e83d831e-4fec-47ae-ae15-200881f0f3da;QV01759;10;promotor;2026-06-29T15:11:03.200877+00:00;2026-06-29T15:11:02+00:00;NPS;j0oeal12yxu90mvsoxtrfj0oeal1e98d
28fa003e-a4a2-47ff-8ecb-9641eb7dd5b1;bd7b2c19-ff49-4d94-8ca1-4f1063c7d851;QV02954;10;promotor;2026-06-29T16:49:25.191221+00:00;2026-06-29T16:49:24+00:00;NPS;xs9o8145cnjltowh8ewrxs9o8gunwa94
b6d919c4-f9f2-4ced-83ce-47c961739af3;1c9f3a06-cdfe-4357-a3ff-b9f1badb86b4;QV00758;10;promotor;2026-06-29T19:28:59.117902+00:00;2026-06-29T19:28:58+00:00;NPS;tbs0332i31itwfowh2tbs05vi1yxubzj
7d100e11-5170-4690-8d5e-03470c989053;e84fee46-40c6-4a92-b08c-8145059cbb1c;QV02858;10;promotor;2026-06-30T11:25:55.787343+00:00;2026-06-30T11:00:54+00:00;NPS;1aohvlxbbd7y3lfr1aohv6waeg227te9
15714fe2-6751-4a89-92ac-91b1faf95a24;f741be42-52ac-4720-b2a7-b30bc6e71735;QV02819;8;neutro;2026-06-30T13:03:54.845655+00:00;2026-06-30T13:03:54+00:00;NPS;bbw7nthtnec9axoahbbw7n6ci6v3jl6z
dacceaee-5418-4b60-9385-1c7f75cc9b79;809de693-705c-4822-994b-bc9d4227d03c;QV00372;10;promotor;2026-06-30T14:02:23.928769+00:00;2026-06-30T14:02:23+00:00;NPS;im7vhs6wn2lzr861im7vhd53n7on404s
f2ea5649-c4aa-47b0-9bb8-2f9d37f0803c;540fb441-7d1f-493b-8246-acf1135c0d6f;QV00298;5;detrator;2026-06-30T15:17:46.889089+00:00;2026-06-30T15:17:46+00:00;NPS;sbsj3kkz3p0kb94q0rlsbsjbaolat2f0
ac201fe0-2a6b-44fc-9847-4f74e0f0a065;29a084ba-f209-486a-bad1-252a0b6a5940;QV01238;10;promotor;2026-06-30T15:49:09.19015+00:00;2026-06-30T15:49:07+00:00;NPS;8ivq8g4h3lffmivh8ivq990kdcl98it3
b7893907-03ac-45dd-ba2a-abbd6ae31bbd;0b15e2e9-7b01-4cb9-b45b-02927b81a619;QV00999;10;promotor;2026-06-30T15:52:14.478824+00:00;2026-06-30T15:52:13+00:00;NPS;tw9z9ym3fxngae9tw9z9604v14cpjp0c
382e18bf-8f00-41c8-855a-81555cc4251c;2412cd30-4001-4d4f-ad09-edbf468bc620;QV00423;9;promotor;2026-06-30T15:59:55.051095+00:00;2026-06-30T15:59:54+00:00;NPS;aknidzu2x3cw0xo73baknidzugwk27ne
f014f5f5-6744-4d56-aae1-4e97644b66ba;532d7202-21ed-486f-88f0-3fd7fc20e66d;QV01305;10;promotor;2026-06-30T17:19:26.554184+00:00;2026-06-30T17:19:25+00:00;NPS;htou236xnwm71sdhr3s9t4w5htou2369
1642e6d1-17d9-4c9d-a88e-3b3cffd7184d;64c1aba4-e486-4498-bf40-572ecbecbda2;QV00877;10;promotor;2026-06-30T18:04:15.850034+00:00;2026-06-30T18:04:15+00:00;NPS;3ggh7pcxaswoqf8rfdb9823ggh7pcxyt
12d3b911-92eb-44f9-a0f4-6566df57c563;236e0064-237f-4e71-890d-bda08ea02b63;QV00581;9;promotor;2026-06-30T18:08:10.300859+00:00;2026-06-30T18:08:09+00:00;NPS;htqp7imbz33y7jhe4whtqp7i0fbpq3l7
5a5fddc1-fde0-4e29-b10c-9cd0d2b9e286;a32bb937-d81e-42f7-9b25-84a6e8489f9f;QV02787;9;promotor;2026-06-30T18:22:35.81025+00:00;2026-06-30T18:22:34+00:00;NPS;npdr8d9spa2e87x3cniogurnpdr6f41y
47e43855-a103-4d02-8b86-fd0c4ee733f3;d9e4411a-269c-4b27-8ae2-736399983bf7;QV02354;8;neutro;2026-06-30T18:23:18.90926+00:00;2026-06-30T18:23:18+00:00;NPS;s3znhj178zt311cbp37faegs3znhjxqz
ae3dc56b-a301-4190-b908-97bbe664bf6f;46541a37-dba0-4539-a1cd-8da613076cde;QV01380;10;promotor;2026-06-30T19:11:14.916112+00:00;2026-06-30T19:11:13+00:00;NPS;qrcqdsy7obzm179iapzqrcq9gn5qjybz
bdfe46e3-721b-4083-b0f0-d8f3135789c6;57301e25-f729-4eb1-b171-641dc75ce247;QV02379;8;neutro;2026-06-30T19:18:28.081896+00:00;2026-06-30T19:18:27+00:00;NPS;vv4h2cuppxw3ez1xovv4hu0l7r9jov5i
c340e9b7-d2d5-4793-8feb-fad7c19ab872;b04d1705-8edd-4c04-b536-22ebd01d0504;QV01402;9;promotor;2026-06-30T19:34:12.438011+00:00;2026-06-30T19:34:11+00:00;NPS;qdqbo7me4hwsnw5i8qdqbosd7br8v5o3
cbd7ca0d-19d6-4c2e-97b2-6305c8b8bddd;65c7b3ba-2eab-4e37-929f-d1b392ef0377;QV01833;9;promotor;2026-06-30T19:49:48.670614+00:00;2026-06-30T19:49:48+00:00;NPS;xu2a1hubf6r6zxu20vflvl4s18k8g866
13344bd8-3351-4550-8c3e-afd763f2bd21;d695736b-7389-4967-88b1-718c15bad9c9;QV00328;10;promotor;2026-06-30T19:52:43.682388+00:00;2026-06-30T19:52:43+00:00;NPS;hllv3iiipol0hllvod3688burj76z5ko
6e406750-2ab4-49e6-830c-90762acd2928;20eb028f-373f-4a63-a468-57fe9544f214;QV01774;10;promotor;2026-06-30T19:52:59.649449+00:00;2026-06-30T19:52:58+00:00;NPS;rlk5jcveidir31g50xmnrlk5jwxywbmr
29025ed4-7126-4089-b3b7-1586545a047b;71095451-b7b5-454d-9270-dc0b02b8c1ea;QV00872;5;detrator;2026-06-30T20:00:20.018045+00:00;2026-06-30T20:00:19+00:00;NPS;pgkzubhdac48852ipgkzubhdwfklmgav
1e0b97a2-347c-4a5a-947e-644883ee4369;60689daf-4e3a-4dcb-b6e9-55d057ac617e;QV00538;10;promotor;2026-06-30T20:19:36.932114+00:00;2026-06-30T20:19:36+00:00;NPS;lliytpohuo5cywozlliyt47pr11en2ja
de30b06e-05d2-4c05-b768-383d7b6ad7ff;2e553b1c-8741-4a84-a9ea-201271cb9a3e;QV01772;10;promotor;2026-06-30T20:40:01.413788+00:00;2026-06-30T20:40:00+00:00;NPS;50nbmwpl8dtyl950nv5sg3m8vj40oclw
1ed3b833-d423-41a0-be03-5b19434fe691;61c1eeda-5d3d-4e50-aaf1-ea339f20a17b;QV00278;10;promotor;2026-06-30T21:16:08.513217+00:00;2026-06-30T21:16:07+00:00;NPS;gocf8nth5344nxp5qsdx35gocf8ntbyw
5d988f3f-82fe-4ac7-9e10-2af0689f2f22;e3dfdd10-2ea9-4bc3-ab4a-21e3fa89109f;QV00312;8;neutro;2026-06-30T21:30:23.586584+00:00;2026-06-30T21:30:22+00:00;NPS;8zlsjdsu65gp0mmbp6758zlsjds8o2gu
4222d18d-e0c1-4b82-bb10-a2a89cff9b7e;b79174f4-00d7-41f2-9534-ef26ccace60e;QV00342;10;promotor;2026-06-30T21:37:26.196311+00:00;2026-06-30T21:37:25+00:00;NPS;95a6ka0wdjdp6bu8qof95a6ka1dor7pw
4b93a726-595a-4f19-a683-62c223118b8a;091073d6-d1e2-46ab-82e4-6c698ade9644;QV01127;7;neutro;2026-06-30T21:49:09.781079+00:00;2026-06-30T21:49:08+00:00;NPS;lhwjzyrckrxi6lhtjg5e3829j0kthcm8
17a40a77-d958-47c1-b4a8-ac252100247e;8ea421dc-cf84-4c0d-90a0-fe49b45b9d80;QV03080;6;detrator;2026-06-30T22:11:19.031113+00:00;2026-06-30T22:11:18+00:00;NPS;ah2h19tjq7j6r5ah28h4p9jma6idhhi8
6d4381d0-ab19-4b74-8e73-ee4cd5044d2a;fb4f3c31-2b95-4b45-a390-7ab59a25baff;QV00322;10;promotor;2026-06-30T22:57:56.202147+00:00;2026-06-30T22:57:55+00:00;NPS;t9cbttngpb8i7st9cbxccg7eq5vsc2rt
808d32a5-38bd-440c-a797-cb8c8f29e46b;9e8eaf71-a4b4-460d-be61-f7291f1620e3;QV00412;10;promotor;2026-06-30T23:00:27.446719+00:00;2026-06-30T23:00:26+00:00;NPS;lt4tehsn7jmiw9tlt4teybvzc2lskkhi
7ca8661e-9044-484c-86a1-dfc154afce56;50e7fe80-c31f-463f-a4fe-67584b41c804;QV00930;8;neutro;2026-06-30T23:36:48.414715+00:00;2026-06-30T23:36:47+00:00;NPS;512oribzrp7btjtzjya512orreqgijkz
8ea90c08-8e79-4099-87e2-e6449a80b90f;3f7a6689-2f22-4fd0-be10-50617b0e30dd;QV03130;8;neutro;2026-07-01T00:19:50.305767+00:00;2026-07-01T00:19:49+00:00;NPS;hkt9hxxbtrfb4sepjuhkt9hxxsgztu3g
0be13995-a37b-46bb-aadc-ee255d9f99b7;22e5fc31-79b5-41fd-81e5-cc1e46fd4478;QV02877;8;neutro;2026-07-01T00:26:57.971148+00:00;2026-07-01T00:26:57+00:00;NPS;vixvrmuhri8vowro4vixvru9c3xwlzn3
e954094e-7da0-44e6-ae01-4b112c58dfb8;8c1e6a02-8a6b-4c0c-9485-4e7738ab5dd5;QV00324;10;promotor;2026-07-01T00:58:19.528566+00:00;2026-07-01T00:58:18+00:00;NPS;yhrgbk3kczeqziamgy2ajyhrgbk3t3ee
a423b6eb-b4e2-44b0-ba5c-bd600db8443d;439016f7-dd62-4778-b1dd-b18d0207db8a;QV01128;9;promotor;2026-07-01T06:30:12.337559+00:00;2026-07-01T06:30:11+00:00;NPS;cby0656nagzs048atuu19cby06za1k6s
d6e86972-b867-4067-ab2e-e8a249f7ee7b;d702be52-69e8-46df-9a56-635e21a6af43;QV01019;10;promotor;2026-07-01T11:06:56.239056+00:00;2026-07-01T11:06:55+00:00;NPS;73konxyqkzboqrh1jq73kon4bvx1ossu
44c2842e-54d3-41ac-98ac-3f378c415494;c4f61216-f4ec-4065-8da4-41ce05088972;QV02758;9;promotor;2026-07-01T11:22:03.326544+00:00;2026-07-01T11:22:02+00:00;NPS;wg6pfzbfywdobvwg6pv2xaiahvxuce11
e333de84-4adc-4556-80b2-d20aaed3e31c;0eb2b0c6-d71e-4a05-81c8-6a22a73478f4;QV01130;9;promotor;2026-07-01T12:19:23.324652+00:00;2026-07-01T12:19:22+00:00;NPS;yqkshuxstmzbfru92j2kyqkshuxs5h2t
b34c008a-da72-4193-83ee-79ecb99871ad;3df828b6-4ffe-4617-a11e-ea35bb740136;QV01116;10;promotor;2026-07-01T12:30:10.252881+00:00;2026-07-01T12:30:09+00:00;NPS;9r67d4frir8wn5mf21so9r67d4f5z6ha
536c09cd-2a99-4e93-bc39-582f4692d342;92cd6edc-c547-4d2d-9667-a3d9bf558ce5;QV01062;10;promotor;2026-07-01T12:30:40.77242+00:00;2026-07-01T12:30:39+00:00;NPS;11068lbfz7jftpp6r117y3c011068lbf
cfed2dd6-a89a-4e28-9628-d835a9f08deb;7d03a715-4097-4226-a6e7-6d9d359d6d88;QV03173;10;promotor;2026-07-01T12:30:50.724286+00:00;2026-07-01T12:30:49+00:00;NPS;a3euj92osnm9ntd86bbva3eujss7cc9t
4da77504-2665-48ce-ac16-f9da020566c5;334409a6-0a6b-4e47-8f26-da57a005c1ad;QV03069;10;promotor;2026-07-01T12:50:29.686253+00:00;2026-07-01T12:50:27+00:00;NPS;52xeuml9z7gtmggbn97t52xeumkxrysq
e946f98f-060a-4236-975d-93d3547bdc35;fae1d886-b8a6-4890-b1e3-e928aca47be0;QV01297;8;neutro;2026-07-01T14:08:39.683803+00:00;2026-07-01T14:08:38+00:00;NPS;rns34b8wcq2kivm8jo96rns34bhryd0s
8b4b0073-4b6b-4157-b9bf-547bd5afdc35;133746b4-6bc3-4328-80f9-dcc822a17351;QV02804;10;promotor;2026-07-01T14:13:39.793483+00:00;2026-07-01T14:13:38+00:00;NPS/;0vonmvk2wdh99tzhsh0vonmvkteh1lw1
61fbd0c1-2e20-4c25-b110-02bb166f9c3f;fe7cea59-5896-41f7-aed3-d40f852ff627;QV02185;10;promotor;2026-07-01T14:20:02.307714+00:00;2026-07-01T14:20:01+00:00;NPS;6v25ag7x2hcjg18f87q8dbr6v25ag7z5
ab859f64-41a0-4927-a4da-11931cdcddcc;38515a81-be15-4fd5-80af-3ad4336f73e2;QV02803;10;promotor;2026-07-01T14:35:48.821028+00:00;2026-07-01T14:35:48+00:00;NPS;plieefa0qok3qhmmksgcplieefaacndm
bdc2be0a-e5be-486e-8d0d-0664941eac4e;dd5691ed-c57c-4912-8d21-716c81e356fe;QV01618;10;promotor;2026-07-01T14:39:07.782758+00:00;2026-07-01T14:39:07+00:00;NPS;c9amcb1bkwwjdq74setc95s38d4s7bt2
58652bc6-2941-409e-8388-98b0b3a005bc;7ba1ddf2-df09-4cd9-b030-e4dc3862fd71;QV02942;9;promotor;2026-07-01T15:42:33.073955+00:00;2026-07-01T15:42:32+00:00;NPS;tqnpbqvzqlrrnewnmstqnpbqoiep4hy5
76cc9e7c-7615-4270-b7f5-19d4e4938de5;3645aa1b-828f-4d2d-9581-67422f0619fa;QV00228;10;promotor;2026-07-01T16:45:38.566635+00:00;2026-07-01T16:45:37+00:00;NPS;2uj6dlxkk4uf1m2bsu5d2uj6dk2m7i78
7e32c26b-7980-4f5d-a229-c0864676fc2e;537c1fcf-ab92-4f33-99fd-4bfb204d37d1;QV02394;10;promotor;2026-07-01T17:10:11.597378+00:00;2026-07-01T17:10:10+00:00;NPS;zo3anj3xkihknux34ozo3anj3tgwl93e
590c45f2-527a-48e5-91fe-1be0000e9cbe;374bdb2f-e42e-4e2e-9080-9b54de65ccee;QV03226;10;promotor;2026-07-01T18:13:16.28901+00:00;2026-07-01T18:13:15+00:00;NPS;rithnu5vcpyfhfbcrithn9ufypytppjp
b0b80a7a-de11-4928-8396-1ce74793a7b9;66ccb471-5286-40a8-bef1-b01f63c022e9;QV02348;10;promotor;2026-07-01T18:20:46.688659+00:00;2026-07-01T18:20:46+00:00;NPS;w4gfd5x3ra00zhqgviw4gfdfetwyk93j
0ae15919-afa2-4a4f-b470-d9587ddaec09;d23985ea-8527-4a48-9d80-7032d2491698;QV00094;10;promotor;2026-07-01T18:40:10.315378+00:00;2026-07-01T18:40:09+00:00;NPS;1t0l123dq8oktb69jm8ys0k1t0l12rya
e0339e70-89bb-411b-a770-659fa9e04121;7eb615b3-a4ac-436e-8d08-c2bfa9bd72fc;QV02310;10;promotor;2026-07-01T19:04:31.586742+00:00;2026-07-01T19:04:31+00:00;NPS;wr1mrjhz9y6x0tsrgu9awr1mh02t8kei
4a6ed12a-d7fd-4879-8965-9b7476f6a4c8;07643f2a-50df-4be7-99d8-1f60063728a1;QV02994;10;promotor;2026-07-01T19:07:14.267307+00:00;2026-07-01T19:07:13+00:00;NPS;gy4pvs8lkwlbb6394ngy4fnw7u27ck9q
4276ab13-50aa-440f-ac53-265ef60056c8;228df93f-2daf-492b-a468-894e589bff78;QV03236;9;promotor;2026-07-01T19:13:35.329255+00:00;2026-07-01T19:13:34+00:00;NPS;9vp9e4iyf75dwapi8ff9vp9am8q1y3cf
6a6cabdc-8cfc-40f8-be91-2641c0c1ce99;122b6584-f1d5-484c-9156-d486bafc065b;QV02997;10;promotor;2026-07-01T19:24:36.152444+00:00;2026-07-01T19:24:35+00:00;NPS;4kaz5ilyxkyxdvi94kauvwk6vdy8acgb
05adb7b8-c03c-41be-a2c6-82e1f1011cc5;3058f114-db20-4f0e-99a2-1f8358d89eb6;QV03180;10;promotor;2026-07-01T19:25:50.238792+00:00;2026-07-01T19:25:49+00:00;NPS;knlizi7umachmq91rskoknlizcxzk30a
9ac54880-b358-4fb3-851a-97e00f0cafa5;a383d7cb-66b0-4064-b7f2-558cd7b1793f;QV03147;4;detrator;2026-07-01T19:38:02.854881+00:00;2026-07-01T19:38:02+00:00;NPS;kaa27vj0btjaij22xguhgjpkaa27hh8a
d1fee305-bcaa-4fd0-abba-91e8deea37a7;53719633-128b-44c3-ad50-7b3e5a0ac60d;QV00642;10;promotor;2026-07-01T20:07:11.524873+00:00;2026-07-01T20:07:10+00:00;NPS;mb3xo32cy3iwpaafvy1mb3xo32uo1aeh
04b56297-d17a-454b-8a81-09691e182c72;0942e480-77a7-4850-baba-2eccbc6aa13f;QV00676;10;promotor;2026-07-01T20:18:50.216003+00:00;2026-07-01T20:18:49+00:00;NPS;zoza1zylpk6br34ch9zoza2mnsp43nkt
fc5d666d-c98b-4ba3-baa0-17a187c3c201;40718c82-cf41-4931-ac09-44b616fa4954;QV03206;8;neutro;2026-07-01T20:19:02.746541+00:00;2026-07-01T20:19:02+00:00;NPS;hwga8myjb7f3tg6hwga8b13vceuf97o4
ba65bb4b-46d3-4e09-959e-087b69b4b426;477ecb4d-83e3-4ff3-a390-e7354d5f0f63;QV00608;9;promotor;2026-07-01T20:36:40.486112+00:00;2026-07-01T20:36:39+00:00;NPS;hkuhkkk9cvg5s8cperhku5bj1lw18o6o
ad5285f5-32d7-42f1-a056-1a65416697a1;7cf7e046-12fe-48d9-b422-d87c8c4839d2;QV01853;10;promotor;2026-07-01T20:42:50.62018+00:00;2026-07-01T20:42:50+00:00;NPS;o49yhe9lt4eqqosycuov7o49yhe95ai6
bffc46fb-76c3-4518-b598-03761d9442cb;6621eb73-00a9-4eab-97ad-c8969983bdd5;QV02927;10;promotor;2026-07-01T20:48:16.633648+00:00;2026-07-01T20:48:16+00:00;NPS;oaf9b56ye59oo10xbotkpoaf9bs5281k
b191e2be-6639-4959-b935-f86954d5586b;e7c359cd-8c05-486d-bcf8-76a338b96058;QV00645;10;promotor;2026-07-01T21:09:00.228588+00:00;2026-07-01T21:08:59+00:00;NPS;m4ocmvtddvpniekh9m4xgflc5dmo665p
0c636bf3-e8cd-4a9e-8182-e295f27cdf53;a1a7c0c6-972d-4e27-9beb-652f583e4dd4;QV03021;9;promotor;2026-07-01T22:21:18.245615+00:00;2026-07-01T22:21:17+00:00;NPS;3gxx6zrumzwvm3u7n63gxx6gggmnquut
7699f60f-5c41-4c2a-8316-1e02aeaaf09f;6fece925-1787-4165-b432-7db0aed3d871;QV03096;9;promotor;2026-07-01T22:42:27.743627+00:00;2026-07-01T22:42:26+00:00;NPS;fgq0iylpgb5vtivgf1yfgq04w90l81fc
da8e37ca-8421-4a7e-bd18-2a9b2f9ac639;06d97140-3e69-491b-b233-6f90620f505d;QV00419;10;promotor;2026-07-02T00:07:03.177675+00:00;2026-07-02T00:07:02+00:00;NPS;zcbdyk5axx5se3f1kjpzcbdykimmf3kd
0b2b3079-3d6e-4895-8325-caa881ef9fa8;baea09fa-8de7-430e-b6cf-5d2828497046;QV00389;10;promotor;2026-07-02T00:49:38.707141+00:00;2026-07-02T00:49:37+00:00;NPS;lyp5sd1uypybrzltbmn7lyp5sd7l0jkk
88206eae-605a-4e21-8b94-c1d8ff479fb0;d0817de1-4c13-4773-8b0d-24d1ef81853d;QV01319;10;promotor;2026-07-02T01:23:47.065228+00:00;2026-07-02T01:23:46+00:00;NPS;hff8xiqbjnffohm1su88hff8o5ah9y7n
9966aa28-9a24-453a-a511-47b42a5c8beb;dba14861-b13f-4c6e-afc1-048521452dee;QV01163;10;promotor;2026-07-02T04:03:50.847482+00:00;2026-07-02T04:03:50+00:00;NPS;ygrlbzlvtfg5wwqjygrlbzfhe3t9kub9
d6a8a6d3-85df-4a90-9f02-4441c2f27f56;72bfb736-2faf-48d5-aa2a-e409e65c4b45;QV03201;10;promotor;2026-07-02T08:40:28.122738+00:00;2026-07-02T08:40:27+00:00;NPS;cmwmfs0bb5a1ldohwcmwmfh4xo57iihj
73b5f5d6-8be9-4fdc-a03c-2b885c15b95e;6b6fe1cc-2265-42e4-93d5-d56f636b4f92;QV00470;8;neutro;2026-07-02T11:11:48.604701+00:00;2026-07-02T11:11:47+00:00;NPS;rgc76msp4ro0npkosrgc76furhcfj6j8
5c6ca249-814e-4fb5-b2f7-fbcde021844e;d540c646-6b23-4aea-8ee9-bad2cba7f0e1;QV00346;10;promotor;2026-07-02T12:22:37.652565+00:00;2026-07-02T12:22:37+00:00;NPS;yen8ddeomnn6hxy86yen8srg5hx17srg
574663d9-4fce-45df-9e9c-c9b5a0aa3ce3;b7ebf118-bd75-4161-9ebc-2a6aec9346f2;QV00144;5;detrator;2026-07-02T13:28:51.432193+00:00;2026-07-02T13:28:50+00:00;NPS;wz2ur59je4p0ff58twz2ur0exfxjyj72
7352a529-5a64-4aea-b4b5-95919b413c86;fcc2da86-5701-4863-a321-6dd1ef63811a;QV01602;10;promotor;2026-07-02T13:38:56.219585+00:00;2026-07-02T13:38:55+00:00;NPS;93lcv07wxbozwu1dtrjyifm93lcv0vru
01e50ea3-0ead-4316-ae25-b50d3521715e;047130e6-0c67-4139-9e2e-7860ab87bf1e;QV02081;9;promotor;2026-07-02T16:07:32.584513+00:00;2026-07-02T16:07:31+00:00;NPS;u5z9worrlp7b5b4umu5z991ahodxrxpn
7e35ead4-f704-4a24-8728-163695598ff0;a769ee56-4ff7-4e77-8a9f-a2e1b3042565;QV01821;10;promotor;2026-07-02T16:47:08.55656+00:00;2026-07-02T16:47:08+00:00;NPS;ju0gmefjc3k7iv0tbtju0gme5n3w7wyb
2b9d135f-cc90-47c3-9d71-0c6b1adc2cc0;02ea3949-d88a-4a8a-8a0a-519072387ff7;QV01217;9;promotor;2026-07-02T16:47:58.160159+00:00;2026-07-02T16:47:57+00:00;NPS;mqx6cdfhcrumqxju7rs83l3a4x6l9ddb
0dd9b73f-2098-410d-972e-fa3dd855658a;03493d05-bf24-4326-bce7-fd29ad2c242b;QV03203;9;promotor;2026-07-02T17:28:41.703125+00:00;2026-07-02T17:28:40+00:00;NPS;s02s14zhxumo86ks02sen3m9d8lsieq2
cb9e2b5c-80f3-44ce-b9dc-5214755b57c7;34c386bc-f7b0-4b09-ba21-82eae5286f63;QV03161;10;promotor;2026-07-02T18:41:14.743522+00:00;2026-07-02T18:41:13+00:00;NPS;u7ii5poyjas0zkoc0eu7iluri20dqrnc
ffe85e0b-a33a-4a82-a3ed-410afb155bfb;b53b57bc-f19b-4c2d-ad4c-311c0d544b46;QV01489;9;promotor;2026-07-02T21:14:00.790106+00:00;2026-07-02T21:13:59+00:00;NPS;kpn04pq1h7oluuxelc835uqkpn04pq1i
f4a01b00-78f9-48f3-a298-bf5a8a48f894;31d2aa6a-e99a-4097-a1e8-c367b14e334d;QV01800;9;promotor;2026-07-02T22:18:20.111197+00:00;2026-07-02T22:18:19+00:00;NPS;p0qizkfskgf9v2p0qizkvk5vdu9wl6kv
f88a877e-b6de-4b31-a33c-b0d4f639ff61;460a6eb4-5448-4d40-aa04-d5dd51264807;QV00235;10;promotor;2026-07-02T22:46:40.626798+00:00;2026-07-02T22:46:39+00:00;NPS;61w8i9iabt061w8in2v682a54zl0a2kf
f4e5904d-6966-431d-8f47-e02f0cfa6ef7;981b4993-2ad1-4edf-b2c8-db1767a268a3;QV00016;8;neutro;2026-07-03T00:38:56.537801+00:00;2026-07-03T00:38:55+00:00;NPS;0eplt2u9se5i0epr6vnflt8rug89y0cj
ae22b44d-f9f6-408a-b067-62af30cdb62f;c1b6aeba-18d9-482d-8765-74cc86eacde3;QV03134;10;promotor;2026-07-03T13:07:40.053342+00:00;2026-07-03T13:07:39+00:00;NPS;hd665kf38kip8rvt4shhd66r409peegv
9a4d5553-954f-40f9-8f42-10c1b1b34e31;3667ceb8-8795-473d-845e-e1dbd35c851d;QV02867;9;promotor;2026-07-03T14:25:16.196794+00:00;2026-07-03T14:25:15+00:00;NPS;4eseycql9cp43fnqtg44eseycq63n4wy
035ac9e7-0fe0-4f2a-8cec-65699f267466;4a0d8300-4ff8-44bd-b708-3b61ceb5cb11;QV02913;10;promotor;2026-07-03T14:35:48.629192+00:00;2026-07-03T14:35:48+00:00;NPS;tn7wpe9akvyk3ptz7tnwi9mjgyd6cp0a
29fc402f-dc05-4bc7-861f-83ba258a913c;fe125fa0-4510-493f-bf3e-6b55cb682382;QV01059;6;detrator;2026-07-03T20:17:48.343918+00:00;2026-07-03T20:17:47+00:00;NPS;f3p6uui0p596xi4z2gcf3p695qwgi05f
8020a337-0873-4aec-9939-339b69f08360;24efdf9c-f5f2-4bf8-b4bf-e561a3dddb0f;QV02800;8;neutro;2026-07-04T08:26:02.087617+00:00;2026-07-04T08:26:01+00:00;NPS;pfc5pzxceko55d9pfc5wkqnm19h0nagq
0a77248c-7d55-4964-9d7b-8e0a76af358d;1655d13d-e540-4a00-a5a1-f05405ba0e30;QV00271;10;promotor;2026-07-04T15:32:31.0822+00:00;2026-07-04T15:32:30+00:00;NPS;p2prm93mqlxly91rvbqy7mp2prmhoe8f
f5915d96-077f-4c2a-b32c-bf4d91b40414;94cba7e5-b662-47e8-a056-5bb29754a943;QV00750;8;neutro;2026-07-04T15:51:10.321309+00:00;2026-07-04T15:51:09+00:00;NPS;4na5rrntub6dkah9i4na5upigsywdcvx
a1524831-fc6a-4046-8110-928a0dfc992f;371e3e74-456d-4e7c-8f3b-7dedb944d83a;QV01038;10;promotor;2026-07-04T18:44:29.63091+00:00;2026-07-04T18:44:28+00:00;NPS;6id2lj9id0vpzfv52byrd306id2ucjow
0b20846d-4c9e-4274-b5e6-d2b6e970f373;bce18308-6155-4491-bf59-641af9387130;QV03028;10;promotor;2026-07-04T23:14:35.039271+00:00;2026-07-04T23:14:34+00:00;NPS;aixhjeif301csva12eaixhjephtb275n
60715d16-484c-445d-8472-308cefc05c83;3c1e8b06-7906-4c67-b9c1-cb1c586396e5;QV00165;10;promotor;2026-07-05T13:58:22.220458+00:00;2026-07-05T13:58:21+00:00;NPS;hhm3jhpzk92qy6rxx8chjfhhm3jhpzb4
3f3d38e2-658b-4908-81ce-8dbcbae09881;c917d081-6d8f-45f5-b802-e0cda4fc2cd8;QV02198;9;promotor;2026-07-05T18:57:46.591386+00:00;2026-07-05T18:57:45+00:00;NPS;qhl4e3823lb2iu3gscvce9ceqhl4enuj
8576c35c-566f-42a0-a3ef-ddfeb43c97ff;c1d27b42-7557-4162-a12e-a40c3d4d53ae;QV03038;6;detrator;2026-07-05T19:01:01.69779+00:00;2026-07-05T19:01:00+00:00;NPS;w60puqd7nkgtq67xjzevhifvw60puqdw
a5e8d5ec-68a3-4ad8-81ca-81e7e6b3a9de;76858571-5e0f-455d-a0af-813e9db64471;QV01122;10;promotor;2026-07-06T12:13:09.692544+00:00;2026-07-06T12:13:09+00:00;NPS;ux3ap8lr7l7hr30ux3g4b48c33p0o571
42dacf34-1d4e-45f0-a334-332cc548fa4a;137f8cc6-cd0b-472c-a936-29a694f41095;QV02941;9;promotor;2026-07-06T13:16:58.562932+00:00;2026-07-06T13:16:57+00:00;NPS;9lngnrzm7e5tsn3ne9lngnhczmrwaayb
408741c4-0545-467f-a56d-f3a20b1c7544;25839f5f-1567-43c3-b22d-bcc0a8727c34;QV01738;3;detrator;2026-07-06T22:23:43.498694+00:00;2026-07-06T22:23:42+00:00;NPS;39dadtd2rizl0um9b6x39dawi3vuu0g3
836aae03-0752-426c-9c1a-f146bfae2567;2ddd52fa-d29d-40ba-b108-2d2e59780177;QV00939;8;neutro;2026-07-07T14:29:21.71705+00:00;2026-07-07T14:29:21+00:00;NPS;sqgseolwkpp5e6rw3isqgseoyrigfl8g
b8a710d5-18fc-4f7d-88a1-386679944db6;0eb2b0c6-d71e-4a05-81c8-6a22a73478f4;QV01130;9;promotor;2026-07-07T17:03:41.447066+00:00;2026-07-07T17:03:40+00:00;NPS;18tnnxqzic4k5al7i1knbf18tnnxqz8g
bb589001-e8b1-4923-861c-a721cddd7ef9;80aa458e-29ad-46d8-9cc0-9078d5e2bddb;QV00030;7;neutro;2026-07-07T20:30:44.825762+00:00;2026-07-07T20:30:43+00:00;NPS;keun5esyqfzsqh1u7j52keun5wlxl4jw
413c16ca-66be-4736-b359-5447dd361301;a245c297-8f9d-4ef0-a59a-1e36509d20e7;QV03079;10;promotor;2026-07-07T20:35:52.513637+00:00;2026-07-07T20:35:51+00:00;NPS;xvh5rq60ccbrzgqxvh5r0xv0a602wbi5
bc030fc7-0eee-41cb-ba90-cfbc8f3a923c;4c22dad4-93ce-4775-868a-c620880dc949;QV03071;10;promotor;2026-07-07T20:38:25.414832+00:00;2026-07-07T20:38:24+00:00;NPS;6s2wvd16loov2utr6s2wvak2ychijp9t
b837aa3d-5200-4810-9a1b-197f8c399b42;23dde147-5d4e-4696-9bba-638464cab68c;QV03065;10;promotor;2026-07-07T20:48:16.006599+00:00;2026-07-07T20:48:15+00:00;NPS;9ftzpgzolmwb2llbrz0d9ftnleuszexu
7aed20dd-12c9-491c-a41b-c383cfea9042;4c7eb61d-75ec-4ac7-ba24-7635b95eadbd;QV00927;10;promotor;2026-07-07T20:50:49.139517+00:00;2026-07-07T20:50:48+00:00;NPS;jnmqtwlzuzgj4qav3jnmqtwtz9li0ah3
5e6655c6-110d-4aaa-a937-eb6b4604bf30;e0876ca4-41bc-4fad-b125-80354fb617e1;QV02823;8;neutro;2026-07-07T20:53:19.353267+00:00;2026-07-07T20:53:18+00:00;NPS;6zg2r5f0hh59d866zg2h027ki5s4efkj
9fa18bcf-8319-43df-9cb8-c6f833db264d;66e68458-190a-491d-981d-bb9058875540;QV03097;9;promotor;2026-07-07T22:17:53.486497+00:00;2026-07-07T22:17:52+00:00;NPS;8gia8zn7lisow0bu8gierr69s1ekvc62
a16aad54-1f30-4a9e-9837-6006a89b500f;2c630650-da9c-40d2-9e8d-80bdb11ff7ff;QV00353;9;promotor;2026-07-07T23:55:52.357933+00:00;2026-07-07T23:55:51+00:00;NPS;4k5th9mafpa94k5tfp8zuw1yiugowqkc
53511ae8-107d-4065-b7cc-1d154ccd8952;61621a14-6b7a-4c6b-95c2-64a5d9cd1e0f;QV03037;9;promotor;2026-07-08T00:33:40.179511+00:00;2026-07-08T00:33:39+00:00;NPS;se7ek75yzzfsshtse7geie8oo6djmh6k
7c534e19-e761-4c42-9d09-84242b3b26ad;568c1b39-cf89-4557-b3aa-09fa330ddbc2;QV03004;9;promotor;2026-07-08T11:34:23.614859+00:00;2026-07-08T11:34:22+00:00;NPS;1eq7k3qvnz93khab8id1eqp28q2mcvrk
1af544a8-b73b-4f0a-8e0d-dc886b5b8fcf;ee1ba9d0-19fa-43c7-981c-c534a575db5c;QV03140;10;promotor;2026-07-08T11:51:26.709261+00:00;2026-07-08T11:51:26+00:00;NPS;t7ogp3eqqr2rjj8dm742tut7ogp3eqgf
1aacd6bb-0a94-4238-93ff-8785a81c8598;89f03fab-4637-4092-9ea2-edaf98cab864;QV03129;10;promotor;2026-07-08T12:17:09.093596+00:00;2026-07-08T12:17:08+00:00;NPS;c4zv75716w31wg7c4zv757tukks01uy1
0d85421b-d424-4aaa-b9c1-00b768d14f1f;dfa9781a-b1eb-4fb1-918e-238e15c76cfc;QV03070;9;promotor;2026-07-08T13:35:52.546385+00:00;2026-07-08T13:35:51+00:00;NPS;ir2y5r7x1t6d8kuir2yrki94eb6mak35
d303ea99-d480-4ea2-b5c9-17403604a11b;f49fef84-8b39-4495-85a5-6c747c50f604;QV03008;10;promotor;2026-07-08T14:17:25.550421+00:00;2026-07-08T14:17:24+00:00;NPS;ey60hbllw7se3i6f92ubey60hblribfi
79846dcc-eca3-47eb-9489-2734e101d55c;944fcb6f-717a-4f50-8b0e-765b0b4355b3;QV03059;10;promotor;2026-07-08T15:31:34.989543+00:00;2026-07-08T15:31:33+00:00;NPS;tj5jb7m55pb0o5k9rtjld3w536sroaih
474cba04-0529-4615-a9d4-83483bc595d3;338f7a09-d30f-4933-b6da-036748743132;QV03095;10;promotor;2026-07-08T18:33:05.804798+00:00;2026-07-08T18:33:04+00:00;NPS;zj1y0hmo8xaijjmgizj1y0d3nxei6dlg
6af0e479-a1a4-4be2-98d9-827d6250981f;ed14e668-473e-43a1-818d-207839d7a1c0;QV03023;10;promotor;2026-07-09T09:42:54.664175+00:00;2026-07-09T09:42:54+00:00;NPS;58bco4c9ufhr3bfn758bc3p2aew3ck2i
01371090-e035-4976-b4b8-3842b4857d02;6ded2847-ba71-40e0-958f-23e40afd4720;QV03089;10;promotor;2026-07-09T18:22:55.105484+00:00;2026-07-09T18:22:54+00:00;NPS;gmtfajo5fim2n3mziuvdgmtfa92wkjhm
9ec3a5ac-a748-49ea-a607-3be8a9241780;bf47ba7f-54e8-422d-a438-d922aceea239;QV02998;10;promotor;2026-07-09T21:45:51.216815+00:00;2026-07-09T21:45:50+00:00;NPS;mc1ewl8lzwt6jap1a62mc1ewle87s8zu
32427908-c6f2-417f-89d6-b3b6b5298f3e;1cd83bd1-27c3-444c-927d-3c5ec5327ccc;QV03108;9;promotor;2026-07-09T23:09:20.674642+00:00;2026-07-09T23:09:19+00:00;NPS;pqc43wxfzwoek8igpqc43ljxthmzyb15
2b9dd36b-bb11-4fa0-af09-410e1d989242;9122505c-3d6e-4c44-afb2-8817bfa7a817;QV03150;10;promotor;2026-07-10T12:08:11.459407+00:00;2026-07-10T12:08:10+00:00;NPS;qfarulwq1i8oqin892cqfaruw3zhglbw
d25f266a-62e4-4414-80e5-4acf8a95448f;3ec83343-a645-463d-8b7a-d71c1844c5f7;QV03006;9;promotor;2026-07-10T12:10:56.07421+00:00;2026-07-10T12:10:55+00:00;NPS;j5mzr3z4o3hxgj5myp0b17wgcfdrb57x
ea915c2b-cf71-4a0e-b95d-9ceb9972cd1f;34538219-029b-4bb2-803e-35a096ee06e9;QV03139;10;promotor;2026-07-10T13:18:14.843825+00:00;2026-07-10T13:18:13+00:00;NPS;evl0ynu7e3iy8mam3myevl0cp5t1ls4p
0ebdf248-01a7-4ac9-93f7-b585b5bdf638;712ebbeb-20bc-4967-b652-16b207b04fc6;QV03066;6;detrator;2026-07-10T15:41:09.623637+00:00;2026-07-10T15:41:08+00:00;NPS;159rqequcw0s61fg1159rqydmlrrkxe7
a1aa4114-0ecf-4f1f-aec5-8d04f9710564;2f6cbde3-5dc8-4bf2-b131-9b22e28214da;QV03019;5;detrator;2026-07-10T16:23:29.113304+00:00;2026-07-10T16:23:28+00:00;NPS;s7t7naibyxs78316dijnzs5qslqckp83
8ec121b8-b736-40f9-b3de-8055233fd91f;e01f97c9-933e-4097-89fa-1d98cdea9c48;QV03030;10;promotor;2026-07-10T18:01:18.013552+00:00;2026-07-10T18:01:17+00:00;NPS;mgsxvv3097l8epp76pmgsxl8r26rkoaa
34014903-4cbf-49f4-877c-80d63cda4973;c42250ae-b18f-48cd-9a57-eb6a01a4ed65;QV03090;9;promotor;2026-07-10T19:24:15.627662+00:00;2026-07-10T19:24:14+00:00;NPS;a3nxj7fgpm6r9bfxa9sa3nxj7qowg3n6
febb91ee-f4c7-44e9-955f-162cc488c12f;b74df550-15c8-41b6-8eba-6d03fb44c006;QV03171;9;promotor;2026-07-11T00:06:28.445102+00:00;2026-07-11T00:06:27+00:00;NPS;dcesbmmafpeueytodceshtwelqyjmnns
e3ea2f9b-dd6f-405f-8abc-61fb42b5f127;8ea47e16-3fb6-4f31-9e5e-273031096847;QV02980;10;promotor;2026-07-14T14:59:23.961855+00:00;2026-07-14T14:59:23+00:00;NPS;tvxwn3pqpt3ddb0tvxwxek4mf1quip03
eef9028f-1fc6-43fb-9df1-c2c3a40d8a7b;520d98f3-f6aa-4822-8a40-073d84c782cf;QV03219;10;promotor;2026-07-14T20:20:19.419137+00:00;2026-07-14T20:20:18+00:00;NPS;limib9vmus5b3o6limid28eekvyxq1og
e1b2bddd-6a08-4d66-9cc6-0c6486f62974;29b050d3-ff47-472d-87a0-d40d89debaf0;QV00072;2;detrator;2026-07-15T17:22:13.600949+00:00;2026-07-15T17:22:12+00:00;NPS;ya6gz7b0ujrnh1ya6gzvyweolcl7817d
146fa480-f1b3-4db2-acf5-80603784a6eb;4ffdc294-fa64-4256-86cc-c8e1e9224b6d;QV00121;7;neutro;2026-07-21T13:57:08.586233+00:00;2026-07-21T13:57:08+00:00;NPS;ecbyna96n5pji3ybzwrecbyns9a9myrl
987b96b6-fb04-4710-88be-2a141db67854;63d354f6-ec9c-4b31-891a-dae173757654;QV03151;10;promotor;2026-07-21T16:50:42.387614+00:00;2026-07-21T16:50:41+00:00;NPS;pd5w3k75rnur73xhfqpx35pd5w3kgsxc
401a7d95-be37-419e-b0a0-323abe241c12;a58431e1-d265-4cca-aa84-2f176e2eef33;QV03111;10;promotor;2026-07-24T13:58:15.822787+00:00;2026-07-24T13:58:15+00:00;NPS;c39rws63o5bf1fjc39rwsmfclx2s0n9l
583a4a1d-b773-4a8d-9e9e-0a5762ab7a0b;088ca444-8493-4d98-be6a-7a98b6df221f;QV02925;8;neutro;2026-08-17T16:02:03.161817+00:00;2026-08-17T16:02:02+00:00;NPS;cyh9gpvvcjccozag9ycyhsebh9dura70
2be86b76-f73c-4269-a6ff-a02bd1ed40bd;10be1de1-e8f5-434d-8379-3f19d10b7d93;QV02083;10;promotor;2026-08-28T18:16:07.238966+00:00;2026-08-28T18:16:06+00:00;NPS;2y57gg84kdf9gpr2y57ggzze3avam6bi
dbed7344-1399-4f15-963f-9715599e375c;5058b878-4785-4927-9971-8ffce24fcb6e;QV02263;0;detrator;2026-09-15T17:24:25.762839+00:00;2026-09-15T17:24:25+00:00;NPS;7g8ks6ha1pmbfh464yqv7g8ksyxgu476
78eefdfe-fb08-4876-8cf7-7f7493748c29;acde9d73-12ba-41a2-b9a1-cb85ccecde65;QV01854;10;promotor;2026-09-15T19:37:13.658651+00:00;2026-09-15T19:37:12+00:00;NPS;8kdlb8oq9yirc5hqj7cgxxp8kdlb9guv
40e0f6b3-ac9e-40d8-beb5-87cb49ee4e03;cc4721c6-79c3-4662-91b6-3a1f665e3335;QV02650;0;detrator;2026-09-15T19:45:21.120632+00:00;2026-09-15T19:45:20+00:00;NPS;tgfwejx55c4y9y9xtgfwra2kz4d5785e
941515d1-9e61-4e27-9a59-60ad1597959e;63ce9ef8-dccb-4e63-b687-5550e15fedea;QV00174;10;promotor;2026-09-16T16:29:19.81921+00:00;2026-09-16T16:29:19+00:00;NPS;fo4u60ac5fsf4wglyfo4u6aoagha0f25
82ec52ee-8740-4f1d-a4ab-7df6998dec91;f53decbd-a8df-4269-9a6b-24290231dcfc;QV00433;10;promotor;2026-09-16T16:32:13.86345+00:00;2026-09-16T16:32:12+00:00;NPS;7i42qrnxqg0pwy257i4hx5pncr9kr5cj
a63fc9f6-2ea9-4aca-9c49-4aaec42a8e3b;501b723b-61ab-43aa-a043-80ab42d3301f;QV00167;10;promotor;2026-09-16T16:36:28.902016+00:00;2026-09-16T16:36:28+00:00;NPS;pmyqv0zw721uvrngimrapmyqq2lrlpjy
2c35d5d7-d2e4-4499-b92f-b13ea6c39b20;6ce80c20-678f-40a0-bf8e-f4ab6fcbec68;QV00499;10;promotor;2026-09-16T16:40:55.421653+00:00;2026-09-16T16:40:54+00:00;NPS;nsyq0bz4sy3zslansyfskyfrnfq06h3h
483ef4a9-daa3-4f7e-b2eb-322d98ff73f9;e86094b8-dba8-4219-9e99-fe1389642ad2;QV00797;10;promotor;2026-09-16T16:48:38.741422+00:00;2026-09-16T16:48:37+00:00;NPS;n7cr2ou8hnxb3tc8p3gn7cr2mkc0yzwt
1c1f927c-c78f-453e-9f15-c30ec7987603;477ecb4d-83e3-4ff3-a390-e7354d5f0f63;QV00608;7;neutro;2026-09-16T17:08:12.49424+00:00;2026-09-16T17:08:11+00:00;NPS;1q82b7vazjztufn4m1q82bs636jlm223
1984a596-64e6-46c4-b537-b95d0987d865;0db52489-1bc4-4a00-82e8-ef30d7e5f883;QV00747;9;promotor;2026-09-16T17:27:44.177088+00:00;2026-09-16T17:27:43+00:00;NPS;zpt8wbgtw4w2k3rrrgczpt8wbonovkn3
f4bb7759-aa68-4580-b9df-05f551fe16cd;4c2ec165-2b1f-440e-8c6c-7e33f98621bf;QV03003;5;detrator;2026-09-16T17:46:56.590146+00:00;2026-09-16T17:46:55+00:00;NPS;pkte0v4fbu0g2mgir8pkt6qcjbalep1x
b8c7122e-49b4-4499-8b6c-4508195745ea;;;10;promotor;2026-09-16T17:51:32.14078+00:00;2026-09-16T17:51:31+00:00;NPS;96r1yvif4yz25kwzkijzv96r1yv3gn86
1d86ef59-ef2e-473b-8404-cdb93ebc4f3d;04ca1304-5d53-43f6-8e3d-6d27ce83507c;QV02477;10;promotor;2026-09-16T18:23:31.508299+00:00;2026-09-16T18:23:30+00:00;NPS;yxa42egjn8x5zbzgowyxa42qt481t54q
2d7f5b5d-80e7-4180-869e-073b07ea6eee;719cdfed-5c76-4547-9458-0f36f05e8e9a;QV00202;10;promotor;2026-09-16T18:34:32.447321+00:00;2026-09-16T18:34:31+00:00;NPS;89er8cjh20ajn189er871phlrvc9amxn
af24dd32-b8a2-4cc5-9429-0ae75d7915de;236e0064-237f-4e71-890d-bda08ea02b63;QV00581;9;promotor;2026-09-16T19:02:59.57532+00:00;2026-09-16T19:02:58+00:00;NPS;mj396qq4i0ypfzoes6mj398tbj8mp1mw
5be8fba3-0db0-44a7-94d5-ecab0d18b658;a245c297-8f9d-4ef0-a59a-1e36509d20e7;QV03079;10;promotor;2026-09-16T19:13:40.502606+00:00;2026-09-16T19:13:39+00:00;NPS;884m5eje0r4iwyb30z08lg884m5ez18h
72ccfe93-1dbb-4b00-aab6-78e9f1805af7;63ce9ef8-dccb-4e63-b687-5550e15fedea;QV00174;10;promotor;2026-09-16T19:16:33.532102+00:00;2026-09-16T19:16:31+00:00;NPS;0k4xi46wj659z7a3gax0k4xazfu67vt3
394b6384-2e6f-4351-9143-d0fdda8ea445;944fcb6f-717a-4f50-8b0e-765b0b4355b3;QV03059;7;neutro;2026-09-16T20:05:40.021652+00:00;2026-09-16T20:05:38+00:00;NPS;yex64n97q26ozslp4wyex6i5i5n7kmcl
68ca970a-feee-4682-8138-17250bfbaf69;505d3162-40ef-47da-99fd-c4bc9c2fdadd;QV03064;10;promotor;2026-09-16T20:48:48.065437+00:00;2026-09-16T20:48:47+00:00;NPS;22cfbszz82h2gajfk22cfbsz2i51apci
77b0a2d9-b11c-4d47-af84-a18ddb4228d7;65f6d117-5866-4a25-9884-6c5dc58d0c59;QV02932;10;promotor;2026-09-16T20:52:35.820446+00:00;2026-09-16T20:52:35+00:00;NPS;kghevdlo1u4uum8gn8gvmfkkghevdlof
a60732bd-dca3-4d85-b02d-6714eebff93a;c79e385c-61ef-4230-93da-4a43ddd7b352;QV03124;8;neutro;2026-09-16T22:51:27.220065+00:00;2026-09-16T22:51:26+00:00;NPS;2iqadvcz9814rvlcwjh2irb88l8j9cbb
6591e506-7e7c-4828-a8d8-b80d897d4c12;c0923116-9c20-4c28-a936-27633a93e701;QV00437;10;promotor;2026-09-17T02:51:46.885525+00:00;2026-09-17T02:51:46+00:00;NPS;2a20tpz2vrf8zd8s2a24gimlxstwj3i4
4f5f852e-a5f2-478d-8441-87e24bf99d21;0b97343f-cc33-4f13-843a-2c08ad818ebb;QV02637;10;promotor;2026-09-17T09:19:09.838324+00:00;2026-09-17T09:19:08+00:00;NPS;npl1m7zz31aqnpl1yylewwr5lhxufyyk
6154168e-fd08-42ca-960f-fa720aaa9679;520d98f3-f6aa-4822-8a40-073d84c782cf;QV03219;10;promotor;2026-09-17T12:11:29.422267+00:00;2026-09-17T12:11:28+00:00;NPS;i27rkzu19g0jfngouki27rkz6onzkiye
cf08010a-bde4-4981-bc64-4df2ebf4370e;714d5cbc-fd27-442c-87d1-e92c7c39ab19;QV00630;10;promotor;2026-09-17T13:08:43.12676+00:00;2026-09-17T13:08:42+00:00;NPS;sag2oabwlvvpo5dcixidsag2oabywx9p
43e67f19-78da-44ab-ae57-6450dee42f59;016e4182-664b-4fda-989e-2d2759d872ff;QV01442;10;promotor;2026-09-17T13:24:52.306443+00:00;2026-09-17T13:24:51+00:00;NPS;7oc81cv8whv31p6zhburf7oc81cv8tdq
2a7e90e7-f896-44d8-885f-945ad5ed6908;e01f97c9-933e-4097-89fa-1d98cdea9c48;QV03030;8;neutro;2026-09-17T13:28:03.294692+00:00;2026-09-17T13:28:02+00:00;NPS;874hjj75e9sf0q5ut4m87026g28zpjl2
eb392751-8cf4-4b99-803f-57e8e2e70851;0c2e38b5-5808-4cff-b1b9-11db78e26286;QV10933;9;promotor;2026-09-17T14:16:38.834423+00:00;2026-09-17T14:16:34+00:00;NPS;1hkbjeg4xoekwxhct3t061hkbjegg44c
1f6ce11c-5040-4383-b8eb-3c9cf2fcffd1;f4b2e7c8-d69d-4642-9869-cd130597f141;QV10963;9;promotor;2026-09-17T14:27:38.505819+00:00;2026-09-17T14:27:37+00:00;NPS;i9nhkj3l7w2urcjirypi9nhkvlvon8k3
55cea9e1-03e6-4d72-bb58-de40e4cf7e41;6713954b-670a-47d7-9003-d19a30f3d635;QV02968;7;neutro;2026-09-17T15:59:01.97249+00:00;2026-09-17T15:58:59+00:00;NPS;r55z93592k7qhmt8r55z9xtueu537oki
737f9c38-443c-4788-a30b-eb2490daa7bc;e8323e0e-632d-4a28-b8fd-47e9e1507ec3;QV10860;10;promotor;2026-09-17T16:44:35.389843+00:00;2026-09-17T16:44:34+00:00;NPS;2uellkrmlykr547a9ubjq2uellklc42o
2ee64307-0567-4355-a151-ea815a029fe2;caa56555-db8a-4da0-87cd-a1715def96f5;QV02824;6;detrator;2026-09-17T16:50:48.401657+00:00;2026-09-17T16:50:47+00:00;NPS;7e37rfsnzqufi8kb6x4vy7e37rfscbtf
5bac8a22-c4e9-445d-ae4d-8d80dc765060;122e087d-9da2-4e5f-b254-63a3372ae054;QV03034;9;promotor;2026-09-17T16:51:31.630302+00:00;2026-09-17T16:51:30+00:00;NPS;gyrvs0022g2w1kkakgyrvs04lj87r9ii
40678ef6-d5eb-4cc5-8ff4-71caea64863b;1dee945e-6332-4b46-8043-f544b74c16f1;QV00040;10;promotor;2026-09-17T17:01:07.939391+00:00;2026-09-17T17:01:07+00:00;NPS;f6f7xh4dqdq2j8pjs4f6f7xh0o3srrbm
9aa25222-14d9-48d1-bcb6-154ba1bc8aa7;081d4632-22a9-40ea-99ff-b4bcff527edf;QV03267;10;promotor;2026-09-17T17:08:58.90231+00:00;2026-09-17T17:08:58+00:00;NPS;qfrtrm3jl5x7qfv6bvk6v6qfrtrm6ipn
2267ba01-075d-4692-96ad-50563d7f53b3;9471273b-ab78-42ab-9be3-ed8393576b54;QV03121;6;detrator;2026-09-17T17:20:31.563894+00:00;2026-09-17T17:20:30+00:00;NPS;msbtr5b2kiokrb5o22xmsbtr5kxgpucz
b5306837-81f0-41d7-b419-ddb2e5f25871;7a8147f8-4d9a-43af-87a1-362b5da58b2e;QV11170;7;neutro;2026-09-17T17:21:19.80643+00:00;2026-09-17T17:21:18+00:00;NPS;cdmw7c1liv716ahktgcdmw7c17h0xvhx
4f844651-f68f-448d-a468-79fad4132829;99f8f6b8-1b0c-4afa-854d-53aae0ea24c0;QV03093;10;promotor;2026-09-17T17:30:58.188568+00:00;2026-09-17T17:30:54+00:00;NPS;r7qqsu3t7efihupxfdq3r7qq88png6ms
1f9666ab-0528-4f43-905a-8fd30b137f08;34538219-029b-4bb2-803e-35a096ee06e9;QV03139;10;promotor;2026-09-17T17:39:55.944131+00:00;2026-09-17T17:39:55+00:00;NPS;9tu9sn4acodvw9tua55u9xch5254eu4y
b536ab9e-3518-49ed-b94c-611563c97d10;ba933a51-69f3-4ae1-b519-f39f9a12ed70;QV11448;10;promotor;2026-09-17T17:50:52.122928+00:00;2026-09-17T17:50:51+00:00;NPS;i3xz7nuy54t7m34bi3xz7hu8w1wibeq1
3039ee36-6d27-4d3a-857a-1da96d5b1953;d0671050-cb3c-4c2d-bb61-b9bda4744f0c;QV03122;10;promotor;2026-09-17T17:56:10.771027+00:00;2026-09-17T17:56:09+00:00;NPS;hujlwzcq8pw1179kphujlwud0ba1rwtk
623ffe37-7926-400e-8324-93b2baff1df9;0e412b1f-6a16-41bb-8da2-5d432fa1272e;QV03103;10;promotor;2026-09-17T19:08:06.02145+00:00;2026-09-17T19:08:04+00:00;NPS;vcm2lowimk48gk8lrtvcmfzucpp6rxid
d07df5eb-7903-45cf-8b56-047906b1dff0;1b65c19c-faab-40fe-a535-6767e0d7ac59;QV10831;10;promotor;2026-09-17T19:16:32.36196+00:00;2026-09-17T19:16:30+00:00;NPS;83jw1nb47dvas7rw2zxblf83jw1n0oml
057f97c7-3b74-469a-a4f7-d73329d2e08d;ef19a2bb-f2c0-4062-8609-cf211b75a731;QV10835;10;promotor;2026-09-17T19:17:57.892066+00:00;2026-09-17T19:17:57+00:00;NPS;f0rnhpilzqza518uxnqf0rx6tfbqvsoe
8fdb0be3-f40a-4fef-a23e-9f0e99645c1f;2e207746-dcb4-4a0f-9211-0054adf3ed2e;QV00041;10;promotor;2026-09-17T20:31:17.079532+00:00;2026-09-17T20:31:15+00:00;NPS;ap0f49z2woztdg5orhafhap0f49sdn09
24634985-032b-45d4-b4bb-a32d21a92223;c4f61216-f4ec-4065-8da4-41ce05088972;QV02758;10;promotor;2026-09-17T21:03:32.369633+00:00;2026-09-17T21:03:31+00:00;NPS;876dfobs0yj0xx876dk90to1uuczfz9k
1a521f2e-8eba-4b26-a261-109de105e5cf;71ad861d-bf78-4bfe-9d9e-485b16b75057;QV02589;10;promotor;2026-09-17T21:55:20.014936+00:00;2026-09-17T21:55:19+00:00;NPS;gu7uh9876uwtc74v1hgu7us04bz3ftfc
18821e73-f527-4a2a-8345-365d64a9ae1c;cea54554-1b9a-49dd-9a8b-148f6db047b2;QV12073;7;neutro;2026-09-17T22:47:12.185246+00:00;2026-09-17T22:47:11+00:00;NPS;b3g78g76yt8k1rmev2qz8b3g78ghjvs7
b6e926ab-c277-482d-94f6-241b7ef454c9;9a500cc7-b149-45ad-91e9-db31e700d4e9;QV02845;8;neutro;2026-09-17T23:04:37.966285+00:00;2026-09-17T23:04:37+00:00;NPS;02psv5o8ceyu700q6xh2a402psmxp32z
e5a13e87-335c-43ab-9bd1-2deb0763a982;0942e480-77a7-4850-baba-2eccbc6aa13f;QV00676;8;neutro;2026-09-17T23:21:09.473563+00:00;2026-09-17T23:21:08+00:00;NPS;mijxb83e0jreb40dhl8avomijxb83ev3
8153d5b2-ae90-40e2-82ae-3aeab80eada6;296ba84f-7b13-407b-9e5b-ca949299b9f6;QV02874;9;promotor;2026-09-17T23:29:42.527448+00:00;2026-09-17T23:29:41+00:00;NPS;sqj8lquppunzfjip6myma84sqj8lqu6c
2049b785-7c23-4ddb-9a40-f921871a5424;5c3acabe-70f8-4bd6-a124-6b083be7abe2;QV02564;10;promotor;2026-09-17T23:33:04.948582+00:00;2026-09-17T23:33:04+00:00;NPS;9kkl8idw9h9tjxx847x9kkl8i5ibh8v9
a39589d4-1ccd-43e7-9362-a664b4647c4c;93c29331-0e86-44ee-a332-e8bb92a442d1;QV00923;9;promotor;2026-09-17T23:54:26.396438+00:00;2026-09-17T23:54:25+00:00;NPS;f62trn0eyf9nefzp7f62tgcndt52tzkb
577eb756-0d2b-4194-8179-543f03cb383e;59fa02ab-73cf-47dc-96af-356580896ca5;QV01379;10;promotor;2026-09-18T00:16:26.063286+00:00;2026-09-18T00:16:25+00:00;NPS;36uwrcug3vnl04ehhf0f36uwrcug7keb
28174412-2f66-4d84-aca7-7e64b9c56244;683b9479-5128-4fd9-9611-e7bd4764ef21;QV11668;6;detrator;2026-09-18T00:19:42.376732+00:00;2026-09-18T00:19:41+00:00;NPS;d7s3hu106sk8d7ujpu2dh44umy0h4nb6
5c5054d6-9daa-4ea6-ae1c-fd4c21cc7977;91196563-f911-42fb-b06e-ac9536e83fd2;QV02829;10;promotor;2026-09-18T00:28:13.536154+00:00;2026-09-18T00:28:12+00:00;NPS;ojz48amp2m8oqp6ojz48u5phie9v0xxu
e6640ee4-d7d5-4f59-abd9-cee87c552266;61d6eee1-d7b1-4d7c-9950-bcf342023ce5;QV02214;10;promotor;2026-09-18T00:59:44.253771+00:00;2026-09-18T00:59:43+00:00;NPS;m9xjaw49n0pvnbimhf6m9xjaw0yge0tm
c40092a4-27b4-4831-8fe5-f99318417b22;ca4f49fb-3193-4814-a981-6afedd8039d9;QV11396;10;promotor;2026-09-18T05:40:08.488417+00:00;2026-09-18T05:40:07+00:00;NPS;f5oztq4k2d1bv6l1sf5ozt356exiis3r
6d23a1ea-970d-426d-a891-4f5f3e7626e5;7fec711c-34cf-4fa4-b15e-dbf691322b82;QV01428;8;neutro;2026-09-18T07:53:09.77808+00:00;2026-09-18T07:53:08+00:00;NPS;2g5758zex1ke4ykmcci9f2g575zfkhrq
afe01a61-6836-4e57-8be2-3d7f5fe06196;d11e0154-2e2a-4c2c-afe0-f5aa04b05ae5;QV03025;10;promotor;2026-09-18T10:51:49.407725+00:00;2026-09-18T10:51:48+00:00;NPS;95pyuhehykv3yqv95pyr75o525mgfcey
f86120c0-afc6-4378-b08a-068ec35b0af8;577f1269-a8b6-410d-be28-7966b1b0de64;QV03086;8;neutro;2026-09-18T10:58:25.894019+00:00;2026-09-18T10:58:24+00:00;NPS;hk5mzj58i7ry6ffvhk5m0g74lzc2hl3v
7bfcd0c4-68d6-4d6d-a994-a3afabcc2a6d;d1a0cf7b-4a1e-410c-aac6-6a31f98f6b70;QV11169;10;promotor;2026-09-18T13:05:35.293066+00:00;2026-09-18T13:05:34+00:00;NPS;yq9y9d2hb8yquj7kegluhyq9y6wgpwjt
1627226c-5ed5-4614-9c67-029bfc392dcd;82d00f84-01f7-41c8-9191-f213ab01e5de;QV11672;10;promotor;2026-09-18T13:05:45.580158+00:00;2026-09-18T13:05:45+00:00;NPS;8b3bmojo79st8jdsg0wpd8b3bmomn0qj
cd78820d-4e4f-4d17-a64c-c16af4940f8a;fb85d41a-8f17-42d9-91cc-fa86420498b8;QV00262;8;neutro;2026-09-18T13:22:10.392144+00:00;2026-09-18T13:22:09+00:00;NPS;m293v7xlquows0jwb2ym293v7xiufkj5
9d55eade-4692-432e-880a-184aba53fab1;5839bceb-7d97-4386-9cd8-a285bce5a0c3;QV02934;10;promotor;2026-09-18T13:38:36.96372+00:00;2026-09-18T13:38:36+00:00;NPS;yizpvv4kxvngp5jxd2f50wnyizpvvkzv
85c0305a-abe2-4e5f-be67-a3a6d6fa61e2;11316935-c4a8-4169-a65e-f5d70b27674b;QV02973;8;neutro;2026-09-18T13:43:27.664422+00:00;2026-09-18T13:43:27+00:00;NPS;ncvaxl6lap4yrbtazeyncvaxlpayk6qr
03f021d0-44c5-4d9d-b427-fe3cdb8cf204;535220df-04c5-4b91-ba66-56c820a54cb9;QV01873;10;promotor;2026-09-18T13:51:14.136592+00:00;2026-09-18T13:51:13+00:00;NPS;u97fe43bwwzmh7t3auu97fe4n6wzmomw
92973459-4fe4-44c3-92af-2eaaca6c24f8;3e39972f-cfc6-4034-8d58-a3460cdd7324;QV00189;9;promotor;2026-09-18T14:07:24.853608+00:00;2026-09-18T14:07:24+00:00;NPS;cssswy117qyrai29adlcssswspvgt0kx
3d6c7cbb-25d7-44eb-b2fa-297f903c2c3b;0bf30c82-0d83-4706-9340-d0338dcebd33;QV00291;7;neutro;2026-09-18T14:26:38.805434+00:00;2026-09-18T14:26:37+00:00;NPS;qtz6fwwpbxuel5zcqtz3fg1pdxja03ze
8a66f940-2084-4960-aec5-e8252608d289;33cb0d8a-1273-47d8-8bb5-71dfb19549fa;QV00092;2;detrator;2026-09-18T14:59:12.217387+00:00;2026-09-18T14:59:11+00:00;NPS;7ragh8n3479yjt381n8luloj7ragh8nw
20103a1b-0691-4376-9ff7-01e0d0acc3d9;2da6cbad-286b-4846-8837-c353345d224b;QV00096;8;neutro;2026-09-18T15:56:05.0844+00:00;2026-09-18T15:56:04+00:00;NPS;evpmq5r0ne818mnf6evpmjbx92sni4zl
6f1a7f22-54ee-4100-950f-63868a885252;debd8b51-9dfc-41b7-8620-c68367c9fc8b;QV00277;9;promotor;2026-09-18T15:57:42.662513+00:00;2026-09-18T15:57:42+00:00;NPS;oz3ll8i3j5iy876xroz3ll88c7zj89c1
01401467-691c-4689-bb4f-1fba046431a4;92e02ed8-f673-4a89-9939-059898d584a8;QV02956;0;detrator;2026-09-18T15:58:09.578748+00:00;2026-09-18T15:58:08+00:00;NPS;wlfdi4jrhg1csq15tw08brwlfd75rs6y
2e84c899-a75d-49ac-86e0-c0532276410c;6fcce6d9-4056-46c8-bfc4-7fc3a3d24e31;QV00474;10;promotor;2026-09-18T17:25:51.895924+00:00;2026-09-18T17:25:51+00:00;NPS;fy47nsh91wwuwnbefy47nud13in9gpro
b34daa8b-0291-4264-bc87-472219b51428;36539982-6546-4600-b78e-617dabe3a09d;QV03221;10;promotor;2026-09-18T17:40:42.728206+00:00;2026-09-18T17:40:41+00:00;NPS;ppehn4dowqb7dt3bppe86hb45alpr9e6
1cedf020-bf7d-4b23-afe5-3a20a3fd60ea;7ba1ddf2-df09-4cd9-b030-e4dc3862fd71;QV02942;9;promotor;2026-09-18T17:57:24.925363+00:00;2026-09-18T17:57:24+00:00;NPS;xc6blc4ynvyr4aeqpxc6qlzs4h9h7zge
a81d7c0b-6993-4cfe-b021-8c3e1761cb86;b20557d2-aa88-4a5f-9178-580525dac756;QV03047;1;detrator;2026-09-18T18:10:16.609672+00:00;2026-09-18T18:10:15+00:00;NPS;d8pnkd2z9jfzqov6yard8pnkd2eat3ot
ce65993b-ca45-4cd3-9b3a-74e835f8574b;3058f114-db20-4f0e-99a2-1f8358d89eb6;QV03180;10;promotor;2026-09-18T18:12:47.576801+00:00;2026-09-18T18:12:46+00:00;NPS;omg9a9i1mugxsey62omg91f1s8bvelzm
2d1113aa-c02d-4df4-8988-110f6b18a602;b835dc0e-f940-4d0d-9dc4-534be2554265;QV00767;7;neutro;2026-09-18T18:22:11.36118+00:00;2026-09-18T18:22:10+00:00;NPS;jaadv14ymr1tbv2ojaatd7e70iaie3g6
2deab0db-0cac-47d7-8f16-9bfda03f5f06;6535a03d-a874-445f-9e67-0e0f81d4de03;QV00717;0;detrator;2026-09-18T18:33:08.787338+00:00;2026-09-18T18:33:04+00:00;NPS;v3qcyo2pzfrjvn2iwv3qcvxb68tj13d9
083af9ab-5891-4843-b383-98535bf83c10;ed506362-293f-4ab9-b229-69e237b09953;QV10466;9;promotor;2026-09-18T18:40:54.574602+00:00;2026-09-18T18:40:49+00:00;NPS;lih0py8u12z21t61eay4yflih0pyqed6
f47b77af-fda5-4e56-9230-e978cfa1e1cd;648d7112-e174-4398-9dd1-3cc9fdc48227;QV10455;7;neutro;2026-09-18T18:43:02.160498+00:00;2026-09-18T18:43:00+00:00;NPS;fbalmkuyi6tnzr7ropqfbalmk8zzg9d5
1655e5c8-c873-4f87-b290-a19e4c9ddbde;34167265-0061-4443-b631-9e0d60d1229d;QV10460;4;detrator;2026-09-18T18:43:56.212878+00:00;2026-09-18T18:43:55+00:00;NPS;5wl6c3mwfvqyh18naypwv4enpt55wl6c
9ce67042-2044-48d9-9097-3cd67fffb7c8;9ea9fcc7-8260-44e0-a66f-36c1fcf033b1;QV00418;7;neutro;2026-09-18T18:47:56.136408+00:00;2026-09-18T18:47:55+00:00;NPS;4rhsvug3mqkex2y2as14rhsvug3tl7kd
acbc3c43-d00f-470e-81fd-b6ee02e0e9f9;e809b66d-22aa-4d83-8859-d6e801a23cdf;QV10907;10;promotor;2026-09-18T18:53:58.250671+00:00;2026-09-18T18:53:57+00:00;NPS;5wqv79dukinialicgwhjv5wqv3k90dwf
5c0159ff-13de-4c9f-9240-19f6a4f5ca2c;eea69f77-cdc9-4c15-b238-e80fcbb6fcc3;QV02881;6;detrator;2026-09-18T18:57:32.213449+00:00;2026-09-18T18:57:31+00:00;NPS;lik07owvptd1pdd4y9rd86lik07o1aoe
8b09da25-16a9-45f3-a984-6cff2397377f;53f399ae-9b9b-4bc6-8905-fddf53cbb841;QV00059;10;promotor;2026-09-18T19:11:37.759507+00:00;2026-09-18T19:11:36+00:00;NPS;w3a187wt3e3ovgpje38hw3a1875b0p5g
cc2d3adb-195b-41dc-a331-30623730259c;6bd6b603-6503-4cc6-aa85-c0b2fadceb72;QV00003;8;neutro;2026-09-18T19:14:27.802685+00:00;2026-09-18T19:14:27+00:00;NPS;6ve7gu9i5k6jx8qqubhd6ve7g1zvklcc
76153371-a4fd-4a51-af7c-f34f6b5cc73c;2c964b79-16d6-45d6-b79b-7b0b67bd45c6;QV02816;10;promotor;2026-09-18T19:16:55.877438+00:00;2026-09-18T19:16:54+00:00;NPS;f18wmvweqhd2i8dzg9kof18wmvw3yard
d57d251e-513d-44b8-a371-2f042442114e;2c54c92c-6222-44ff-a598-94f7017351d9;QV03155;10;promotor;2026-09-18T19:20:53.353011+00:00;2026-09-18T19:20:52+00:00;NPS;msl9jniprov97joymsl9x6mzurj1p23s
527efd03-a06a-4b02-a6e7-5f50345846a1;f065410f-7445-4eae-9a72-cb192c2d0100;QV00683;10;promotor;2026-09-18T19:23:04.743515+00:00;2026-09-18T19:23:04+00:00;NPS;qndpki0c9p5nqj5jqndpkigz4uz2htg3
403c005c-5cb7-4989-8355-671714984d44;3860cdfa-aa8b-4904-90ca-37e67d03dbd5;QV00031;10;promotor;2026-09-18T19:27:25.439457+00:00;2026-09-18T19:27:24+00:00;NPS;gnk7224afse9fmimrikygnk7o1e7e7f1
2c98840e-2422-414f-9424-ed3b2bb443c2;77296983-4392-4de6-85c4-3579d974f571;QV01046;8;neutro;2026-09-18T19:27:41.17333+00:00;2026-09-18T19:27:40+00:00;NPS;l41acvp7mbx0wiwyphzhghgnl41acvpm
ba36365f-93eb-434e-995c-c8bb5b7b7663;d85cb2e8-3738-44ec-84ce-4368a9469a74;QV00133;8;neutro;2026-09-18T19:37:21.599323+00:00;2026-09-18T19:37:20+00:00;NPS;jckjyx0l1gfpkwqjm1jckbmu9kgigdbp
9b0b0954-7b53-47ec-b278-f5180231175f;961226e6-8e46-45a8-9666-4a8f0d16888e;QV00001;10;promotor;2026-09-18T19:42:33.784273+00:00;2026-09-18T19:42:32+00:00;NPS;gesx3blxdj34vlgesx3jqrdbp3dp119h
6127e2e0-4495-441c-a126-c01735397971;56feeecf-6205-4999-9023-69af837d05c2;QV03174;6;detrator;2026-09-18T19:47:08.723698+00:00;2026-09-18T19:47:07+00:00;NPS;z2dxa1ecp4wtmsz28zfite4cuqa2hgae
091c5a6e-5fe4-45a8-ba07-bff5e7d48ff7;d36a6347-2159-4657-9454-cebe2de781cd;QV00173;1;detrator;2026-09-18T19:58:05.757564+00:00;2026-09-18T19:58:05+00:00;NPS;h60pg5sny4x2pmieo42h60pg5gzruee2
c32c41ca-8424-4da4-9093-729bbd790577;a2fba0ea-e258-4a89-885d-7d1881a120b0;QV00897;10;promotor;2026-09-18T20:03:34.464928+00:00;2026-09-18T20:03:33+00:00;NPS;8t3kgz6ln5g61qbrxokj8t3kgz60r37f
5d70482d-43c1-44aa-962b-826dbc9b619b;09ed4608-b617-40ce-b43a-88b99043e3b3;QV01405;10;promotor;2026-09-18T20:03:44.487867+00:00;2026-09-18T20:03:43+00:00;NPS;zyvkxtg0vomtcbeezyvkxju4iw0xksox
aed9768c-39d2-4f2b-ae58-97955a66e5cc;0db4d3ec-b274-4eef-b46c-b62d2decbaf2;QV01724;8;neutro;2026-09-18T20:10:24.261947+00:00;2026-09-18T20:10:23+00:00;NPS;8ql3rgu8n64ti48qljwuzmvybcfn1wk9
6522cd28-a3f5-4347-a714-f91b7bf9a478;3c41f366-7c13-445a-aaef-3503460f1e08;QV00143;0;detrator;2026-09-18T20:10:38.231762+00:00;2026-09-18T20:10:37+00:00;NPS;k49o0yws7u2k43hp1k49o05e89h4g3b6
64f3cd50-7e3a-491a-9d59-367b1d8b721c;28b14e67-7eae-46aa-9614-55ccd34f720d;QV02957;10;promotor;2026-09-18T20:11:57.802093+00:00;2026-09-18T20:11:56+00:00;NPS;tjrvhp1dx0atfuye9rntjrvhweo0adyv
d900e9db-65d0-4acb-9c77-dd0e6cee3e07;d0415429-46f3-4a18-bd4f-b4b0c4624fd9;QV10456;10;promotor;2026-09-18T20:18:28.405437+00:00;2026-09-18T20:18:27+00:00;NPS;1v23als9vbflj911xmin1v23a0omuu2h
8cea28d7-7c71-4dca-8ae0-5cc01fad5c0a;29a084ba-f209-486a-bad1-252a0b6a5940;QV01238;10;promotor;2026-09-18T20:23:17.32874+00:00;2026-09-18T20:23:16+00:00;NPS;ka8gjj18hcxn17x99wka8ggvkf8kaizx
830d70db-86b4-4f4e-a655-da33cf82e824;e53d5758-20a3-4f54-b295-4b335116c3a5;QV00859;10;promotor;2026-09-18T20:27:02.020118+00:00;2026-09-18T20:27:01+00:00;NPS;7t0wzqpsqjlkwarrq3vkv7t0wzqm4j2r
d478de43-8e69-490a-a9e6-bb7458c81aa9;8a5ebfee-5dcd-4ba0-acc8-0deb70ede3a6;QV02898;10;promotor;2026-09-18T20:29:23.705723+00:00;2026-09-18T20:29:22+00:00;NPS;rulk79b2rojoaewn0wigdjq3sbrulk79
484f1ea3-67bd-473c-a15e-9fbc0ea485a4;d7d5bf94-1ee4-4733-b625-6263cf13ef96;QV02915;9;promotor;2026-09-18T20:31:34.828946+00:00;2026-09-18T20:31:33+00:00;NPS;9abb8kzay4l9t7h4egyy9abb8kehwfd6
4f497b29-f807-4192-8abf-572f6494a039;8ea421dc-cf84-4c0d-90a0-fe49b45b9d80;QV03080;3;detrator;2026-09-18T20:35:45.911809+00:00;2026-09-18T20:35:45+00:00;NPS;azrbalm8s0lew58mkb90exazrbalkgfk
7afdf7d2-7ecf-4df9-b1b5-5b05346fa3e0;94b0f06c-c02c-458c-b0e2-6216227cddfe;QV03232;9;promotor;2026-09-18T20:40:34.985018+00:00;2026-09-18T20:40:34+00:00;NPS;jqifkm62j5w0kjqikohz7pj6od3ek00s
f84c24d1-8675-4250-a56b-47b565c3394d;e600f2da-cc4a-4110-8505-e7fdf5cfc71c;QV03099;10;promotor;2026-09-18T20:45:58.864409+00:00;2026-09-18T20:45:58+00:00;NPS;eh74l5k5ojylilsydajnhyeh74lzq5u2
6160cbde-f1f4-4791-b626-c07ea3753b27;1dc2e6a7-5d8d-47b0-9b7b-a89750d34cb8;QV03026;0;detrator;2026-09-18T20:48:27.519917+00:00;2026-09-18T20:48:26+00:00;NPS;1rcc714m6qr533u66ml1rcc71eh2mwci
300c4261-45c8-4e3d-a906-b3d66bfadff1;22d6c6ac-5f38-428a-8422-e61f2ce90c69;QV03332;10;promotor;2026-09-18T20:49:27.818291+00:00;2026-09-18T20:49:26+00:00;NPS;s3mecgr2qv31mhjvds3m9g4c0iczgap5
42e76ce0-ceae-419c-8ff4-e17881ca4ec5;d2b52738-b2e8-479c-89a7-1bc92b9229fe;QV00550;7;neutro;2026-09-18T20:56:00.889844+00:00;2026-09-18T20:56:00+00:00;NPS;l4363qy3xrn2w05rbnql4363qh51ydou
9ad4bfb1-a5a0-4705-b68a-f50575aa28e1;1c9f3a06-cdfe-4357-a3ff-b9f1badb86b4;QV00758;10;promotor;2026-09-18T21:00:49.961697+00:00;2026-09-18T21:00:49+00:00;NPS;uh0nrfxh3vazu1ohw0q0quh0nrawykwe
67b894b0-15ab-41d2-a905-1a963aa8ca2b;bb1e3e15-5af6-41ec-9280-50d2decd6099;QV11237;10;promotor;2026-09-18T21:04:28.329084+00:00;2026-09-18T21:04:27+00:00;NPS;dpju6grb64ftwrnmdpju6gp2m7of35jy
9c69e81a-4839-4685-8d1e-9a9cb8a2cf9d;0f129806-82bd-434d-92c7-38a929615f22;QV10811;10;promotor;2026-09-18T21:06:07.342837+00:00;2026-09-18T21:06:06+00:00;NPS;qccl0gkpjzg2zbwtc1ypwqccl00b4ctk
59f0fd2b-689d-40c2-b81e-bbd10c47bbbd;0f9a6f3e-dedb-4f13-bb03-7fcdab528522;QV00091;10;promotor;2026-09-18T21:20:46.401489+00:00;2026-09-18T21:20:45+00:00;NPS;ibs9q9dg02bog96vyqibsx8md007aa7o
5f0f1d7d-d195-4a82-88ce-bf87b05912af;6f538443-626c-46c2-b0fc-c54dc9f054a3;QV03110;8;neutro;2026-09-18T21:22:12.272033+00:00;2026-09-18T21:22:11+00:00;NPS;5w6n78dh81pnufr5w6n7orsfvyjla1nq
427e09d4-e83b-4236-ac83-b41207e0e50c;ade0144d-be5c-4ceb-a5c4-37171a026317;QV02016;9;promotor;2026-09-18T21:29:37.719389+00:00;2026-09-18T21:29:37+00:00;NPS;opl5lq1b6d2e2ie978qopl5lqa3rndvz
1d2234d5-47be-426d-a2d4-126eff3c588f;29f7a69f-c4a7-40d3-9fd5-77edb6af1d74;QV02896;10;promotor;2026-09-18T21:33:42.849417+00:00;2026-09-18T21:33:42+00:00;NPS;o83mpftv8ism73o837cwz1nfc4n9i07c
523951ec-6dc5-429e-9956-1ac572445726;abf68d33-a146-47a2-a020-757b9e0a3419;QV10470;10;promotor;2026-09-18T21:56:28.401114+00:00;2026-09-18T21:56:27+00:00;NPS;kkln7jjjwgqyqizb27dkk0h191da57wr
a4246196-010c-4040-92ae-2d8f1f519348;75fc614a-6ff1-477d-b757-048b2d5c4c2e;QV03262;10;promotor;2026-09-18T22:04:13.441966+00:00;2026-09-18T22:04:12+00:00;NPS;02mg1n0tlgxcwjdfphgp02mg1nsc64hv
12d35983-d1a4-4f82-b848-434ce6ad454f;58c5a13d-bd92-464f-a3aa-7ad892e43d22;QV01427;10;promotor;2026-09-18T22:18:35.567408+00:00;2026-09-18T22:18:34+00:00;NPS;dkevaxkpcr1pefckdkejcvli27iqk2bj
2b7c8167-2ba5-48ad-a636-ce43ecf717c8;7dae3da2-c5be-49c7-8251-89e581f4cf0e;QV03040;10;promotor;2026-09-18T22:27:49.111395+00:00;2026-09-18T22:27:48+00:00;NPS;3zx4dyv5ib74cr53zx4dy4u3duycyj1g
445c55a9-b9ed-4ac9-a2f8-2fd260ac8b67;98e19268-5f0b-4962-ae1d-9fa809977618;QV03194;4;detrator;2026-09-18T22:34:06.099527+00:00;2026-09-18T22:33:05+00:00;NPS;dlz8ursijb64bken200dlz8u0zmh6nt2
4b1c87ce-caa6-4ea4-aacd-784171041de9;45f1538d-b15f-4947-8595-875ddf5db8c8;QV03142;10;promotor;2026-09-18T22:51:25.605872+00:00;2026-09-18T22:51:24+00:00;NPS;8hioj2a3nhcp3i8hioj6jwsavsn9l9e1
a0cfcfd9-3c74-4817-86c2-cfb04097fcbf;b4b8010b-2c23-4117-824b-1c1aacd1bed1;QV00908;10;promotor;2026-09-18T22:55:12.758615+00:00;2026-09-18T22:55:12+00:00;NPS;1zziw5lrpngiwr8x7m1zziw5xe6up5k5
1889c715-39c7-4687-834d-0f04b55361de;4f3b3619-06fa-43cd-a545-332d12b64693;QV03170;10;promotor;2026-09-18T23:04:24.337172+00:00;2026-09-18T23:04:23+00:00;NPS;k9h7j1ukw1n2p6dccyll9rck9h7j1h8m
86da70a1-5db7-43da-a86e-87a6fbf3d96d;40240fa4-1a2c-45dd-b81a-8975cf384b5f;QV01692;10;promotor;2026-09-18T23:34:35.631933+00:00;2026-09-18T23:34:34+00:00;NPS;qi84as9qivey6xgqio574mmcu1fr6mqx
fc3c5af5-9f5c-44d5-934a-23a74bf66174;a32bb937-d81e-42f7-9b25-84a6e8489f9f;QV02787;10;promotor;2026-09-19T00:29:52.579795+00:00;2026-09-19T00:29:51+00:00;NPS;dzl02k2shje5whgdzl02k2q16smu0au7
8adea4af-49ea-413e-ba95-92b66a8ef6ff;4d7b69ab-2af3-49fa-8bd1-0594085de3ab;QV00088;8;neutro;2026-09-19T01:48:32.523145+00:00;2026-09-19T01:48:32+00:00;NPS;io9w5tdka0zqx5p56io9w5tfqe27384l
e1b442d0-5ee7-4d85-80f4-da871da5d846;c0e1b7a4-bf76-4842-bd39-fc70bdde1efe;QV10469;8;neutro;2026-09-19T10:25:22.042449+00:00;2026-09-19T10:25:21+00:00;NPS;lmbnn9in96zugclm58l877nbndxd0uru
08f63b50-0f76-492d-abe3-4b332b2a6064;c4ec3ee6-32eb-4ea9-926f-e06a70d87e63;QV00906;8;neutro;2026-09-19T12:25:03.890986+00:00;2026-09-19T12:25:03+00:00;NPS;8r1e96ccfyz2l9se478r1tnb9qtfuggr
0a7170af-3f0c-4f4c-9df2-4b9916da8e55;e61530fe-83ed-4ecd-8a38-1635207941a4;QV00655;10;promotor;2026-09-19T13:30:15.46233+00:00;2026-09-19T13:30:14+00:00;NPS;35ny52vektf2ffurp35ny52fapi0se2j
cdc54e8f-7577-4bb5-8bb8-da611320b093;a374a894-0468-4d07-a633-e246d946449e;QV02356;8;neutro;2026-09-19T14:28:55.139245+00:00;2026-09-19T14:28:54+00:00;NPS;i3y99skuohaekei3y99brzjwusk46a63
5d34084f-85bf-4032-af01-258585459a9a;697c7b8a-8d0b-4aef-beb5-34f45614a943;QV10473;10;promotor;2026-09-19T14:33:51.38588+00:00;2026-09-19T14:33:50+00:00;NPS;oc5tcho228fl6b32zoc5t26cqsr0lzpa
ad667840-7ad4-46d8-bbe1-88e04f84c02f;7272248a-83bd-4601-b0c4-cc42888a6f12;QV01585;10;promotor;2026-09-19T16:51:10.909889+00:00;2026-09-19T16:51:10+00:00;NPS;ym7zrsdw2d4osqym70la457utg4ema18
5674b64f-ac86-4bc4-bad1-e64dea3281e3;5960f9ad-fae2-47e6-81e1-e0c1cac31cd5;QV03276;5;detrator;2026-09-19T18:00:35.445756+00:00;2026-09-19T18:00:34+00:00;NPS;cbdyqupq8g1w5cbdyqsb8k3nrzbjf4eh
a5a2b34a-877d-4d57-a03c-d98d46fc8997;91691931-e2fe-4a21-8f4b-324c02b847f5;QV03217;5;detrator;2026-09-19T23:28:51.063448+00:00;2026-09-19T23:28:50+00:00;NPS;j2ukwva77zkd7cpwj2ukwvgbque1c03f
0807249a-4445-491e-8626-423158363dac;ed59f476-18ab-4e70-9594-e19ac5793364;QV03303;0;detrator;2026-09-20T18:55:26.86857+00:00;2026-09-20T18:55:25+00:00;NPS;r1lmttrkjwvxuvr1lmt3hesnaekaokg5
e50463cb-debd-473c-831d-cdd308f2632e;2e57c91b-4c42-4e1f-a096-f4e9bdc0f5d3;QV10930;10;promotor;2026-09-20T19:33:56.025405+00:00;2026-09-20T19:33:55+00:00;NPS;1n48bp8clnkipiauu1n48bp1ek7uwo0c
c023e847-6a59-45fc-9d2a-7715296b4060;51f98473-0325-4a5c-913d-44fb83a71184;QV00025;10;promotor;2026-09-20T21:12:37.097703+00:00;2026-09-20T21:12:36+00:00;NPS;223id1h6rmsx3ny1l5223idgg8oobur1
aeb44365-9b47-453a-91ff-4f6e9338d6b8;d02fc067-4383-45ca-b69c-8c8768e61bd8;QV00129;4;detrator;2026-09-21T01:17:44.633857+00:00;2026-09-21T01:17:43+00:00;NPS;e9zeb5xkqd8q4mwrca8gve9zeb5x56jr
4ecfc679-02a6-4d79-bc4f-03aea9cc574a;ec107faa-1d78-41bf-8385-d62e77bc1a46;QV10449;7;neutro;2026-09-21T02:45:46.745079+00:00;2026-09-21T02:45:46+00:00;NPS;f82jsgf4cwe2ue2styf82jsghx7e4li9
604d92f3-13d5-48ab-8ba6-a624cfa2b2f5;ea7aa8e5-d3fd-4c83-b44d-4c62a4c03713;QV00826;5;detrator;2026-09-21T12:42:14.197145+00:00;2026-09-21T12:42:13+00:00;NPS;tru3t0rtoszszx8otru34r5muqq15i7g
f24dacc0-4ab6-4af7-b978-c6b9434a113b;8b45a6bf-6995-4cd8-bcaa-1e0fb2d2812f;QV10984;5;detrator;2026-09-21T12:46:19.426944+00:00;2026-09-21T12:46:18+00:00;NPS;79j36cz2gfdx3yxv3279j32newizjh7y
54333a84-16fe-4238-9404-b6ab734c4f41;5dbc7d07-e8df-47a6-9a23-de065509979d;QV03068;8;neutro;2026-09-21T13:25:10.427247+00:00;2026-09-21T13:25:09+00:00;NPS;gp96e6cps4iyrwbgs9ajgp9srl8gt0kz
40a0a8e1-75c2-4e36-932d-ab6b02f5a019;db5ce923-17a3-4312-8391-50bd4be6d7a5;QV02939;10;promotor;2026-09-21T13:39:37.420732+00:00;2026-09-21T13:39:36+00:00;NPS;e254r6qd8ejzt2vs7cde254r61kbfeyq
2722fe5f-b302-4bfc-ada2-1ad31097e372;137f8cc6-cd0b-472c-a936-29a694f41095;QV02941;10;promotor;2026-09-21T13:50:47.29873+00:00;2026-09-21T13:50:46+00:00;NPS;q8uvaf2kcbkkkz1q8ub6ktbktrrs1evd
8415a744-57fd-4f06-8f33-ecc9d1699a8e;a5b03a68-ddef-4373-9f26-b49a0ce9c14e;QV03017;10;promotor;2026-09-21T13:51:46.769796+00:00;2026-09-21T13:51:45+00:00;NPS;tpky68yuwyu76bbpnrd1sanqgytpky68
c6e96af9-52bf-4c7e-b7b7-4584c8be0563;fb4f3c31-2b95-4b45-a390-7ab59a25baff;QV00322;10;promotor;2026-09-21T13:59:34.443814+00:00;2026-09-21T13:59:33+00:00;NPS;v8b9b317o1mo1g5jrenfv8b9im9a8ylp
a0cec33d-c4af-4425-bd81-54366b7dc86e;59e89134-d7a7-486e-89a1-10355850c7f4;QV01232;9;promotor;2026-09-21T13:59:43.740479+00:00;2026-09-21T13:59:43+00:00;NPS;865z79lqak0ruylp865znq073e7k5pi7
2edb93c0-4f39-4a77-a30b-52f7cc03e93f;5dec5c38-54e1-4d11-8de7-06b1b958c377;QV02677;9;promotor;2026-09-21T14:13:17.221417+00:00;2026-09-21T14:13:16+00:00;NPS;t9p3ku3hpbme6dcmt9p339wsay8bywoq
e7895b6e-a89a-4da5-b6cc-fd3e593843ed;8105c92e-1522-4ee5-a70b-129295e559f8;QV01896;10;promotor;2026-09-21T14:40:14.749939+00:00;2026-09-21T14:40:13+00:00;NPS;bghksh7bbyb49d32usx9bghkrdgamzgb
063ecfa4-c9b3-4736-b192-7daf682ae8c2;c14e0ce6-3faa-4300-a2c0-f77a65a5a41a;QV02919;9;promotor;2026-09-21T15:07:33.367687+00:00;2026-09-21T15:07:32+00:00;NPS;iww4pwoxohlgip2oi3s5mf06ppmqe01r
750f943c-6832-464e-96a7-4b89adb5d5ad;8625a526-69ae-46a4-9997-48979c5f67fd;QV01666;9;promotor;2026-09-21T15:52:40.858886+00:00;2026-09-21T15:52:40+00:00;NPS;iu2rchlbsd5zklytvxvkipiu2rchdwkc
52718033-1d3d-43ea-bf5f-f7378af53547;83a0dd4c-d032-4937-9739-00444ff3d3ac;QV00370;9;promotor;2026-09-21T16:32:24.357207+00:00;2026-09-21T16:32:23+00:00;NPS;ttwr79ajfwcrk3khttwrjtieg2ft0uof
8eccfda4-2317-459b-835a-0d4b5fd619b5;966d6307-cc71-45c6-bd69-874879076e26;QV00954;9;promotor;2026-09-21T16:46:59.640575+00:00;2026-09-21T16:46:58+00:00;NPS;hhbnq92622ekk2bshhbnq9870gg66nf6
b7f25746-3725-420c-9a2f-24b85668f17a;be1a3412-04d6-4e84-8070-514ff0deeecc;QV03257;10;promotor;2026-09-21T16:56:09.518127+00:00;2026-09-21T16:56:08+00:00;NPS;okhgk4cs88rzkluokhgl4c6pggngqoak
0e6fa006-46e8-43ce-b9f2-6cf365c9aadd;3ec83343-a645-463d-8b7a-d71c1844c5f7;QV03006;9;promotor;2026-09-21T16:59:39.828996+00:00;2026-09-21T16:59:38+00:00;NPS;i1pgxepcp930wi1pgsqjy8zwbe506jvo
0e92c3ee-d793-4c58-8f87-3b9cc1720fe3;809de693-705c-4822-994b-bc9d4227d03c;QV00372;10;promotor;2026-09-21T17:01:08.6931+00:00;2026-09-21T17:01:07+00:00;NPS;86s01ql00ygtdjnm990wv86s0xmqunas
b956d624-27d2-4b2b-b43a-ac0fd987b15d;6dcd82ce-97f3-4b25-9784-2104ad4ffc8e;QV00105;8;neutro;2026-09-21T17:02:14.29955+00:00;2026-09-21T17:02:13+00:00;NPS;gaebwnuhw4ohfvor4gaebwnu0s40oh84
603e0a4b-0246-4ec0-a63d-0566f9b49da4;e4ef5eac-3581-482e-bed3-a89e1486d5df;QV02818;8;neutro;2026-09-21T17:02:24.32528+00:00;2026-09-21T17:02:23+00:00;NPS;p6g6wim6e17rb1o6v5nimp6g6wiclptx
63a6bf26-b37b-47b6-98cc-2c7a973be23a;4efce255-c163-40bf-adfb-203e9c02306a;QV01392;10;promotor;2026-09-21T17:13:01.895975+00:00;2026-09-21T17:13:01+00:00;NPS;e1zy0n77e9g5s6068yghe1zy0n7750vm
6f9d3807-4b8a-413f-8c22-84188b5a6900;acf926d9-d3a1-4d45-a304-777ac698b975;QV03228;10;promotor;2026-09-21T17:33:34.050019+00:00;2026-09-21T17:33:33+00:00;NPS;tcfned5ip6uqcc7dtcfned91caajbnmk
e4028068-8307-4560-af3f-359aa5fedcd3;380ac46a-cc90-4026-94d4-18183ec5a852;QV03145;9;promotor;2026-09-21T18:13:32.196167+00:00;2026-09-21T18:13:31+00:00;NPS;hv3xkd02z3pr9plqins8hv3xkdydbu38
8b07e739-a51a-42ae-b37a-912fb06e040e;df316812-9a3a-4c84-a483-8bfaacb8f578;QV02802;10;promotor;2026-09-21T18:13:58.899864+00:00;2026-09-21T18:13:58+00:00;NPS;oy9h4pmzhgle9lhallw2oy9h4qvanyd3
d4488d29-a4cf-4bd0-b5b5-31bafe34c120;91603c15-3c12-47d1-93bb-2dd22fe7176e;QV01331;10;promotor;2026-09-21T18:43:34.457009+00:00;2026-09-21T18:43:33+00:00;NPS;xt0dmnpjx3ng3zqbzhu14xxt0dmnyhj3
c657cd37-aa82-438b-bc9e-c1f2b392e5a0;52f50e5a-a338-4419-ab24-298c9cec25b6;QV03020;10;promotor;2026-09-21T19:00:48.866188+00:00;2026-09-21T19:00:45+00:00;NPS;4ch95et7sxgfwi4chifsjgs8jkzekrif
81e64f26-18bd-40fe-8af1-98d9130d97ab;ee1ba9d0-19fa-43c7-981c-c534a575db5c;QV03140;8;neutro;2026-09-21T19:09:51.575492+00:00;2026-09-21T19:09:50+00:00;NPS;q2ojr2ml7oqgan1u09lfq2ojr21of3l6
6e142d5a-135d-4362-ba83-de0b2b9ff5dc;6c8c1a84-1472-4365-9bd8-c33ec3bdd308;QV03308;10;promotor;2026-09-21T19:13:13.006003+00:00;2026-09-21T19:13:12+00:00;NPS;1ehk3t4fikebomxl1ehuk3e302mxr1sp
7a47a035-7c7f-4a65-b38a-79affc29966a;4d9170c7-ea49-4a0b-a71a-09f2eb912fd3;QV03131;5;detrator;2026-09-21T19:40:26.962448+00:00;2026-09-21T19:40:26+00:00;NPS;8ongd9nc527xhha8ongdx4gmdw1kbztg
dcac4b6c-f10e-4838-ba58-2a5e5bb8aaf2;655a8ab5-8384-413a-a65d-a5f7eb0b8188;QV00125;7;neutro;2026-09-21T20:19:06.157356+00:00;2026-09-21T20:19:05+00:00;NPS;0mxl131juocdx060mxlvxm5jlsq9ypjz
5751f231-18be-4cc6-993e-3264bb3ad57d;6ded2847-ba71-40e0-958f-23e40afd4720;QV03089;10;promotor;2026-09-21T20:21:36.166502+00:00;2026-09-21T20:21:34+00:00;NPS;1ct0nqmd7olingo1c5y12gz42m0o147r
10c1e736-9d9d-4cc3-9469-6258da928a6b;9f06dda7-f8d1-413e-9b65-ed070d183636;QV00111;7;neutro;2026-09-21T20:42:45.123049+00:00;2026-09-21T20:42:44+00:00;NPS;scyaewaid9ubaamkxkierscyae4oykf0
7335947b-ff3c-4343-b9c6-2406094cda7a;bf47ba7f-54e8-422d-a438-d922aceea239;QV02998;10;promotor;2026-09-21T20:50:08.461645+00:00;2026-09-21T20:50:07+00:00;NPS;26ygqfcgt4ggxa77p26ygqfsf50jgqbj
e7a91d5f-10ea-46d7-a703-3c9522294176;f7f72108-f67d-457f-93e3-978c131087d8;QV00457;3;detrator;2026-09-21T20:52:30.147124+00:00;2026-09-21T20:52:29+00:00;NPS;oy10d4gmjgrhyh3aouoy10icnzukgij6
a2be7c79-c912-4eb5-bb05-5e6cb35e89a5;63d354f6-ec9c-4b31-891a-dae173757654;QV03151;10;promotor;2026-09-21T21:01:08.177393+00:00;2026-09-21T21:01:07+00:00;NPS;9f31p4k0kupj90v4lhh79f31pawcm9n9
c4d77223-44a8-45f8-9617-bacb18b5580c;51f404fe-a33e-43e7-8303-3361247709c1;QV02033;10;promotor;2026-09-21T21:02:08.621554+00:00;2026-09-21T21:02:08+00:00;NPS;ajocma2w5tgc1nwbzeajocmwi6tufa16
72cadad6-7994-4dbd-b23b-353394820b38;7ca5fcca-273d-4b1a-acc6-aa31ff63c5c5;QV00983;9;promotor;2026-09-21T21:07:27.114147+00:00;2026-09-21T21:07:26+00:00;NPS;l3soop5ipnbowr6trdy0l3soopfc68rq
721c2185-c6d8-463a-9367-56effd4507f4;c7b6ff1a-9ceb-4587-885d-68904d0803cb;QV00617;10;promotor;2026-09-21T21:14:01.867428+00:00;2026-09-21T21:14:00+00:00;NPS;jlnb71wh8qm225wokaujlnb71uk8785x
44595aa4-d443-4eb2-a891-03fe9a61b18e;5d6811f3-fd78-4481-b498-2254157518d9;QV03132;10;promotor;2026-09-21T21:25:06.674544+00:00;2026-09-21T21:25:05+00:00;NPS;pni1mozh94vin7pni162djbhxf23qwa1
d8855472-7cc9-4d03-aef1-d6d57a419203;36e33d8d-a12b-42e2-84fc-8088c22e3142;QV10467;10;promotor;2026-09-21T21:25:52.187059+00:00;2026-09-21T21:25:51+00:00;NPS;ltsmg0hlcak8vayvtdzlltsmg07gzd22
9e1eac24-01d5-48a2-9360-468eba13d00b;8d8451a6-4bc0-4837-9219-a040eb71345c;QV00602;9;promotor;2026-09-21T21:29:08.643302+00:00;2026-09-21T21:29:07+00:00;NPS;byghtd0b3j01g2sctbyg3lpoqajmfrfi
83170a2a-ec18-4493-a8a0-4db93f7b050f;baa376be-5114-4f1e-959d-8caf690abcaf;QV03107;10;promotor;2026-09-21T21:33:24.647386+00:00;2026-09-21T21:33:23+00:00;NPS;b9m7ll4iap4n39meygl4b9m7ll4p3f6t
1153b8c8-656f-44b3-b76f-2073705e01ec;756e6955-2a8d-4c01-ad7f-57b95d605f00;QV01835;8;neutro;2026-09-21T21:43:26.06127+00:00;2026-09-21T21:43:25+00:00;NPS;rhqvv3rtebg54zysrhqvvcbolktjxu2l
756994ff-099b-40e6-8ea2-29aa19bdfc65;89f03fab-4637-4092-9ea2-edaf98cab864;QV03129;10;promotor;2026-09-21T21:47:43.646626+00:00;2026-09-21T21:47:42+00:00;NPS;v91ms2ii7s9032nflzyv91ms274t5qpa
909354c7-b1bb-45e8-bf0c-79745a1fb720;9997e796-7d06-4416-b88e-124798932ba3;QV02088;10;promotor;2026-09-21T21:51:18.069997+00:00;2026-09-21T21:51:17+00:00;NPS;st4nvlz3mcokapst4gxvfit2c1zr3z0v
1948fbee-3347-4590-b6cc-662ac2b45e6d;fcc2da86-5701-4863-a321-6dd1ef63811a;QV01602;10;promotor;2026-09-21T21:52:09.648751+00:00;2026-09-21T21:52:09+00:00;NPS;x74gap4ms59u9q5nx74gabp181dwf5et
8403be73-407b-4e5a-a12c-4488e849e2a5;07ba60af-cded-47bf-b475-3e4fab21d6e6;QV00607;8;neutro;2026-09-21T21:56:54.077786+00:00;2026-09-21T21:56:53+00:00;NPS;mn3zo1uhi3muma3tmn3zo1smo6d81uav
cf0fe81b-0eae-40f0-9188-f1617a4e72f3;4a95815e-4f62-49c4-803c-646644c0891f;QV00965;10;promotor;2026-09-21T22:31:54.113248+00:00;2026-09-21T22:31:53+00:00;NPS;0odmkt3a0odmr8zetrpgx9huea9b7mr8
14cf0d0c-f6b2-4d8e-9b5c-a8f1e4891c14;11df7874-febd-493d-afc0-dcb35701563b;QV02403;10;promotor;2026-09-21T23:30:38.193411+00:00;2026-09-21T23:30:37+00:00;NPS;fc1oy3q9rojjigoafc1oykitcleapwv2
5cf4ea2c-6ee8-4223-aa3c-f00aa91f6ac3;6f8b4236-7cd9-4669-92a3-bc60ea33fd13;QV02665;10;promotor;2026-09-21T23:33:06.137336+00:00;2026-09-21T23:33:05+00:00;NPS;xpmw6socf6h1j4vxqdtaxpmw6srk5a4z
df7061e6-b944-42dc-b12b-070be19f6e67;f49fef84-8b39-4495-85a5-6c747c50f604;QV03008;10;promotor;2026-09-21T23:42:33.581547+00:00;2026-09-21T23:42:33+00:00;NPS;lkuiejn2kjpxee7zvvlkuiejva1d3y7y
c4e0cef3-edf0-4c6b-a357-cf9aa297395e;d46b479a-e45e-4d99-835a-8480d8a56482;QV03156;7;neutro;2026-09-22T00:00:09.036409+00:00;2026-09-22T00:00:08+00:00;NPS;nrj6d6wabstptb4ophg7rynrj6d6wxza
9dd438c8-a1ba-4e1f-9536-00dde503af1d;7cf7e046-12fe-48d9-b422-d87c8c4839d2;QV01853;10;promotor;2026-09-22T00:02:29.37902+00:00;2026-09-22T00:02:28+00:00;NPS;25p4ywteh83fsv8jcv25p4yw7hrrcl99
d4cd5682-d002-4b6e-90f8-c6c63025c26a;a32f76ce-2f83-42e7-91e2-0b7fb999226e;QV00272;8;neutro;2026-09-22T01:05:25.081647+00:00;2026-09-22T01:05:24+00:00;NPS;x4p7ry2ugjx8kexax4p7rv3vabpz501q
3de7f142-a883-4533-8ff6-86c3e34f8343;aa12a69a-9814-4a05-a71e-e01060d13f2b;QV03055;10;promotor;2026-09-22T01:05:26.641059+00:00;2026-09-22T01:05:25+00:00;NPS;ahbjfvenmwqd4b8441xjahbjfvet06i8
aa4a50f9-b6b5-4844-9e6c-4cbea2dda19b;ea82649c-c51d-4f0a-9e32-8dcb68149802;QV03120;10;promotor;2026-09-22T01:35:08.201855+00:00;2026-09-22T01:35:07+00:00;NPS;lypdzjlr9c48t99cuu7n1ilypdzjl44d
ec7acfbe-d67a-4daf-a5fc-b9d2c899bb44;141ef30c-4d04-4f9a-9967-78abbd95402d;QV11399;9;promotor;2026-09-22T02:54:28.549266+00:00;2026-09-22T02:54:27+00:00;NPS;kbmoh5kdm0y890f0i4kbmoh5toogu2kh
f29d5c0a-689c-4822-8ac7-909259a37ab4;961226e6-8e46-45a8-9666-4a8f0d16888e;QV00001;10;promotor;2026-09-22T06:42:11.625882+00:00;2026-09-22T06:42:10+00:00;NPS;1nftuzzp02tikpg1nftuzhogxbxafp4v
8a1c14c8-5132-4122-9429-24f522ce9c65;38e29943-c013-44f3-aaa5-b3bc01d2f490;QV00590;10;promotor;2026-09-22T08:13:09.859135+00:00;2026-09-22T08:13:08+00:00;NPS;rl5uzcu97rx8qczijtrl5uzc0bwap45h
80671f1d-2dbd-413c-bd11-6d3973bda509;004883b2-e3bd-4d1d-bc35-74a6c07d47f1;QV00732;8;neutro;2026-09-22T12:05:53.915344+00:00;2026-09-22T12:05:53+00:00;NPS;bwlknfggjkmr87zdi9pbwlky4co0la17
3bc81fcd-04ad-4fe6-a253-738775d48696;09618548-400c-458e-a572-cd7d4400b12b;QV10825;10;promotor;2026-09-22T12:09:24.117094+00:00;2026-09-22T12:09:23+00:00;NPS;twqf3wbdxib0cgbq2vbitwqf3wblp1wx
0a9bf714-c659-4a81-858c-e44ccf1a6e7a;7d15c6c8-d3cd-45dc-9e63-e1c36380b18a;QV00868;10;promotor;2026-09-22T12:30:10.415502+00:00;2026-09-22T12:30:09+00:00;NPS;rvh4vhzfsdzdaxotoorvho3ap87pk2ld
58a858c7-300e-4255-86b0-42a5efcf8b2e;;;10;promotor;2026-09-22T12:42:32.967653+00:00;2026-09-22T12:35:12+00:00;NPS;t0w403y6suxqkiugatr4t0w405r95cbs
cbfd3689-f04c-4e45-a6eb-8a06b48a8f7b;40573f5c-eea5-42ae-b4ed-3de7b2697177;QV00336;0;detrator;2026-09-22T13:19:34.195581+00:00;2026-09-22T13:19:33+00:00;NPS;w6xnu9441rje15u0a82ew6xnu9vnvtg1
ea245243-22f1-4a1b-a9a1-9b4cad7b4540;e8e37b0c-d54e-417e-bcdb-7a249d75375a;QV03309;9;promotor;2026-09-22T13:39:34.44527+00:00;2026-09-22T13:39:33+00:00;NPS;g5nw7o88c9ijuvuxh8g5nwjphueto1sa
ff6b0c93-6c7c-4a36-a4b1-1d6535b4560b;1c4ec3fb-89ab-47dd-b5ba-5f193f6c802e;QV00132;10;promotor;2026-09-22T13:43:53.669322+00:00;2026-09-22T13:43:53+00:00;NPS;immx2gncjg895l2is3immx2gy5t3symg
30a7b4f3-9cce-4b0b-b7a7-15bffeb78cca;cc4ad025-8f9e-4d36-8962-f48b4092229f;QV03315;5;detrator;2026-09-22T13:47:11.644522+00:00;2026-09-22T13:47:10+00:00;NPS;um9md30t88b40tttc5v9eum9md3fr9pz
17cc3827-6f19-4bd0-8ca8-9bcee1c72112;eedd4b83-8924-49b4-bbb3-a4ab8f2a2078;QV00282;9;promotor;2026-09-22T14:22:31.384254+00:00;2026-09-22T14:22:30+00:00;NPS;rj5pdx16e7xd6dk7p0nrj5pdx3gihs0m
c659c90a-00ee-428a-83cd-80ad5c63279d;eedd4b83-8924-49b4-bbb3-a4ab8f2a2078;QV00282;9;promotor;2026-09-22T14:23:37.501278+00:00;2026-09-22T14:23:36+00:00;NPS;g7ht3y34c1cpsze6h206odg7ht3y3ah0
00161935-ccdc-4280-be64-203fd89323f2;2702a39b-9d6b-437f-8113-bf29d97988fd;QV10818;8;neutro;2026-09-22T14:42:29.336713+00:00;2026-09-22T14:42:28+00:00;NPS;lcle7houx7c87hcphlcle7h334b6vs0f
8050eb7d-bc3b-4bf8-ae34-277f7593c137;b482e017-19f9-4959-9506-66cb226615d4;QV02398;7;neutro;2026-09-22T15:07:18.148927+00:00;2026-09-22T15:07:16+00:00;NPS;7m5relrgaiohpk7m5relu33c0cen4l1q
51dd4a7e-9c9d-4a99-8c44-c9c01452a734;ff43d06c-0a78-47c6-a6e7-9b6f5987e08f;QV03022;9;promotor;2026-09-22T15:20:38.441782+00:00;2026-09-22T15:20:37+00:00;NPS;ch2idb36t8avtazv2ch2vj1alrzgdp3r
9fb3547b-cd37-478d-90dd-b52420c32416;fd9a9988-504f-4579-9669-1f874a2714b4;QV01571;10;promotor;2026-09-22T15:32:22.471096+00:00;2026-09-22T15:32:21+00:00;NPS;npo4po30wtfmkasf9uswvnpo4po30875
e381886b-9ba9-45cb-ab91-045054ce8a76;4d4c62bd-3cd1-4ee9-a84e-90be3d82d396;QV00347;10;promotor;2026-09-22T15:34:43.176517+00:00;2026-09-22T15:34:42+00:00;NPS;f42dbaqnjup12fpaf42dbu5a8ce7tum9
d009d00b-edcd-4f04-a99c-5083c2e8e73c;39b2c6a5-1050-4f8a-a6fd-d5aa29b522a4;QV00006;10;promotor;2026-09-22T15:36:03.606458+00:00;2026-09-22T15:36:01+00:00;NPS;wt1oj811f43gha2dz5v10kn8wt1oj81w
e3db2c62-11c5-4568-a7ad-5987e0129321;3065f8ae-6cec-4788-9e15-af96d1a429ee;QV00529;10;promotor;2026-09-22T15:39:52.435501+00:00;2026-09-22T15:39:51+00:00;NPS;62a71o36e28d38a62a7pi1peb331y1iu
58a1bbf7-9dbb-4508-b232-3072c7161aba;be0663fc-ac9d-4ed3-85d8-f0ceb207fe46;QV00222;5;detrator;2026-09-22T16:12:53.279978+00:00;2026-09-22T16:12:52+00:00;NPS;slnnda0lkr8i043slnnyr09dc51uubrc
eda0b339-5c49-48ea-923c-c7345139a2c2;3d36722c-43ad-4faa-9660-d24e3fcac8b5;QV05429;7;neutro;2026-09-22T16:16:33.108518+00:00;2026-09-22T16:16:32+00:00;NPS;la6dtry9qfuvk6tla6dtag0liri1hx9g
37cb1a89-02ef-40b2-8542-0a07871e343d;31d2aa6a-e99a-4097-a1e8-c367b14e334d;QV01800;10;promotor;2026-09-22T16:30:35.583592+00:00;2026-09-22T16:30:34+00:00;NPS;1d2vkxjodp2dmf5g1d2vk1evk2y3fks7
dc65f436-9c8d-49cc-aa1c-5535d0d0b75d;de2acf46-c28e-44ce-b3c4-88c028e75627;QV01845;10;promotor;2026-09-22T16:55:22.249869+00:00;2026-09-22T16:55:21+00:00;NPS;fe5ez5iosw159l0711mhfe5ez5iv1lzk
849749b7-a949-428e-a18c-17d042fc05f0;71946fad-5b93-40f7-8dff-6f50d54c4700;QV00039;7;neutro;2026-09-22T17:13:49.303044+00:00;2026-09-22T17:13:48+00:00;NPS;p4s3eahtmf9t8gf4wfp4s3eaj3nc266o
b1789395-248d-4c4b-b42b-c5a51d76577c;b77595b3-1fe5-4a13-a4cd-c601f1590978;QV00362;0;detrator;2026-09-22T17:13:53.787186+00:00;2026-09-22T17:13:52+00:00;NPS;6rt6k7j0dwnv7il7i6rt6kglsw4j7f3y
6ac73cb7-1ad2-404d-8fff-eb1e28f13932;376b5dc7-1060-4157-9afc-de57174aa884;QV05430;9;promotor;2026-09-22T18:03:22.737069+00:00;2026-09-22T18:03:21+00:00;NPS;wxzyitj6qd2a1gaod6qiwwxzyiti5byz
a26ee7e6-105c-4111-b9a4-97c7455e38ac;3065f8ae-6cec-4788-9e15-af96d1a429ee;QV00529;9;promotor;2026-09-22T18:19:37.87199+00:00;2026-09-22T18:19:37+00:00;NPS;242z0e3qzucl5rkwlo3dp5fz242z0e3q
b70a1baa-2f06-42ff-a23d-7cc3b26e65a8;de726bc1-9401-4df4-9ada-40da54fa17ae;QV03077;10;promotor;2026-09-22T18:22:14.58247+00:00;2026-09-22T18:22:13+00:00;NPS;i8x8i954u1k6dshnsrli8x8i9dfrk09x
a2789a41-09bf-45ca-9684-0924c25cf693;9cae6388-a687-4834-97fc-d1ee7e855f38;QV00331;8;neutro;2026-09-22T18:29:06.558376+00:00;2026-09-22T18:29:05+00:00;NPS;wftn22wfyc4zk9j56304wftn2251mgj5
ae9b538d-c780-44d4-a4ea-1b956712b224;1ec5c86a-45e4-4784-998d-847ddf297693;QV02885;10;promotor;2026-09-22T19:50:38.262342+00:00;2026-09-22T19:50:37+00:00;NPS;x70msgq0hxsyhqjwx70msdjrk539hzs4
